-- =====================================================
-- SCRIPT DE POPULAÇÃO DO BANCO DE DADOS - PEM-OCARA
-- =====================================================
-- Este script popula as tabelas principais com dados 
-- realistas baseados no fluxo do sistema.
-- Autor: Sistema PEM-Ocara
-- Data: 2025-11-26
-- =====================================================

-- Limpar dados existentes (opcional - comentar se não desejar)
-- TRUNCATE TABLE TIPO_VIOLENCIA_PREENCHIMENTO CASCADE;
-- TRUNCATE TABLE PREENCHIMENTO_PROFISSIONAL CASCADE;
-- TRUNCATE TABLE COMPORTAMENTO_VIOLENCIA CASCADE;
-- TRUNCATE TABLE AGRESSAO_VIOLENCIA CASCADE;
-- TRUNCATE TABLE AMEACAS_VIOLENCIA CASCADE;
-- TRUNCATE TABLE TIPO_VIOLENCIA CASCADE;
-- TRUNCATE TABLE VIOLENCIA CASCADE;
-- TRUNCATE TABLE CONFLITO_FILHO CASCADE;
-- TRUNCATE TABLE FAIXA_FILHO CASCADE;
-- TRUNCATE TABLE FILHO CASCADE;
-- TRUNCATE TABLE AMEACA_AGRESSOR CASCADE;
-- TRUNCATE TABLE SUBSTANCIAS_AGRESSOR CASCADE;
-- TRUNCATE TABLE AGRESSOR CASCADE;
-- TRUNCATE TABLE ANEXO CASCADE;
-- TRUNCATE TABLE CASO CASCADE;
-- TRUNCATE TABLE ASSISTIDA CASCADE;

-- =====================================================
-- 1. INSERÇÃO DE ASSISTIDAS (80 tuplas)
-- =====================================================
INSERT INTO ASSISTIDA (Nome, Idade, endereco, identidadeGenero, n_social, Escolaridade, Religiao, Nacionalidade, zona, ocupacao, cad_social, Dependentes, Cor_Raca, deficiencia, limitacao)
VALUES 
    ('Maria Silva Santos', 35, 'SERRAGEM', 'MULHER CISGENERO', 'NIS001', 'ENSINO MEDIO COMPLETO', 'CATOLICA', 'BRASILEIRA', 'URBANA', 'VENDEDORA', 'CAD001', 2, 'PARDA', 'NAO INFORMADO', 'NAO INFORMADO'),
    ('Ana Paula Costa', 28, 'OCARA', 'MULHER CISGENERO', 'NIS002', 'ENSINO SUPERIOR INCOMPLETO', 'EVANGELICA', 'BRASILEIRA', 'URBANA', 'ASSISTENTE ADMINISTRATIVO', 'CAD002', 1, 'BRANCA', 'NAO INFORMADO', 'NAO INFORMADO'),
    ('Joana Carvalho Oliveira', 42, 'SERENO', 'MULHER CISGENERO', 'NIS003', 'ENSINO FUNDAMENTAL INCOMPLETO', 'ESPIRITA', 'BRASILEIRA', 'URBANA', 'DIARISTA', 'CAD003', 3, 'NEGRA', 'HIPERTENSAO', 'MOBILIDADE REDUZIDA'),
    ('Fernanda Gomes Ribeiro', 31, 'JUAZEIRO', 'MULHER CISGENERO', 'NIS004', 'ENSINO MEDIO COMPLETO', 'CATOLICA', 'BRASILEIRA', 'URBANA', 'CABELEIREIRA', 'CAD004', 2, 'PARDA', 'NAO INFORMADO', 'NAO INFORMADO'),
    ('Lucia Martins Ferreira', 45, 'BAIXA GRANDE', 'MULHER CISGENERO', 'NIS005', 'ENSINO FUNDAMENTAL COMPLETO', 'CATOLICA', 'BRASILEIRA', 'URBANA', 'SERVICOS GERAIS', 'CAD005', 4, 'NEGRA', 'ARTRITE', 'ARTRITE'),
    ('Carolina Pereira Silva', 29, 'FURNAS', 'MULHER CISGENERO', 'NIS006', 'ENSINO MEDIO COMPLETO', 'EVANGELICA', 'BRASILEIRA', 'URBANA', 'ENFERMEIRA', 'CAD006', 1, 'PARDA', 'NAO INFORMADO', 'NAO INFORMADO'),
    ('Gabriela Santos Oliveira', 38, 'SERRAGEM', 'MULHER CISGENERO', 'NIS007', 'ENSINO SUPERIOR COMPLETO', 'CATOLICA', 'BRASILEIRA', 'URBANA', 'PROFESSORA', 'CAD007', 2, 'BRANCA', 'NAO INFORMADO', 'NAO INFORMADO'),
    ('Mariana Costa Ferreira', 26, 'OCARA', 'MULHER CISGENERO', 'NIS008', 'ENSINO MEDIO COMPLETO', 'ESPIRITA', 'BRASILEIRA', 'URBANA', 'VENDEDORA', 'CAD008', 0, 'PARDA', 'NAO INFORMADO', 'NAO INFORMADO'),
    ('Rafaela Gomes Alves', 33, 'SERENO', 'MULHER CISGENERO', 'NIS009', 'ENSINO FUNDAMENTAL COMPLETO', 'EVANGELICA', 'BRASILEIRA', 'URBANA', 'FAXINEIRA', 'CAD009', 3, 'NEGRA', 'DIABETES', 'DIABETES'),
    ('Beatriz Martins Souza', 40, 'JUAZEIRO', 'MULHER CISGENERO', 'NIS010', 'ENSINO MEDIO INCOMPLETO', 'CATOLICA', 'BRASILEIRA', 'URBANA', 'BALCONISTA', 'CAD010', 2, 'PARDA', 'NAO INFORMADO', 'NAO INFORMADO'),
    ('Camila Rocha Pereira', 27, 'BAIXA GRANDE', 'MULHER CISGENERO', 'NIS011', 'ENSINO SUPERIOR COMPLETO', 'EVANGELICA', 'BRASILEIRA', 'URBANA', 'ANALISTA', 'CAD011', 1, 'BRANCA', 'NAO INFORMADO', 'NAO INFORMADO'),
    ('Patricia Silva Gomes', 44, 'FURNAS', 'MULHER CISGENERO', 'NIS012', 'ENSINO FUNDAMENTAL COMPLETO', 'CATOLICA', 'BRASILEIRA', 'URBANA', 'COSTUREIRA', 'CAD012', 3, 'PARDA', 'PROBLEMAS ORTOPEDICOS', 'PROBLEMAS ORTOPEDICOS'),
    ('Cristina Ferreira Costa', 36, 'SERRAGEM', 'MULHER CISGENERO', 'NIS013', 'ENSINO MEDIO COMPLETO', 'ESPIRITA', 'BRASILEIRA', 'URBANA', 'CAIXA', 'CAD013', 2, 'NEGRA', 'NAO INFORMADO', 'NAO INFORMADO'),
    ('Daniela Souza Martins', 32, 'OCARA', 'MULHER CISGENERO', 'NIS014', 'ENSINO FUNDAMENTAL INCOMPLETO', 'EVANGELICA', 'BRASILEIRA', 'URBANA', 'SERVICOS DOMESTICOS', 'CAD014', 4, 'PARDA', 'NAO INFORMADO', 'NAO INFORMADO'),
    ('Elena Oliveira Santos', 48, 'SERENO', 'MULHER CISGENERO', 'NIS015', 'ENSINO MEDIO INCOMPLETO', 'CATOLICA', 'BRASILEIRA', 'URBANA', 'VIGILANTE', 'CAD015', 2, 'NEGRA', 'PRESSAO ALTA', 'PRESSAO ALTA'),
    ('Fernanda Silva Rocha', 30, 'JUAZEIRO', 'MULHER CISGENERO', 'NIS016', 'ENSINO SUPERIOR INCOMPLETO', 'ESPIRITA', 'BRASILEIRA', 'URBANA', 'ESTUDANTE', 'CAD016', 1, 'BRANCA', 'NAO INFORMADO', 'NAO INFORMADO'),
    ('Gisele Costa Gomes', 41, 'BAIXA GRANDE', 'MULHER CISGENERO', 'NIS017', 'ENSINO MEDIO COMPLETO', 'EVANGELICA', 'BRASILEIRA', 'URBANA', 'ATENDENTE', 'CAD017', 3, 'PARDA', 'NAO INFORMADO', 'NAO INFORMADO'),
    ('Helena Pereira Alves', 25, 'FURNAS', 'MULHER CISGENERO', 'NIS018', 'ENSINO MEDIO COMPLETO', 'CATOLICA', 'BRASILEIRA', 'URBANA', 'MANICURE', 'CAD018', 0, 'BRANCA', 'NAO INFORMADO', 'NAO INFORMADO'),
    ('Iris Martins Silva', 39, 'SERRAGEM', 'MULHER CISGENERO', 'NIS019', 'ENSINO FUNDAMENTAL COMPLETO', 'ESPIRITA', 'BRASILEIRA', 'URBANA', 'LAVADEIRA', 'CAD019', 2, 'NEGRA', 'ASMA', 'ASMA'),
    ('Juliana Ferreira Souza', 34, 'OCARA', 'MULHER CISGENERO', 'NIS020', 'ENSINO SUPERIOR COMPLETO', 'EVANGELICA', 'BRASILEIRA', 'URBANA', 'SECRETARIA', 'CAD020', 1, 'PARDA', 'NAO INFORMADO', 'NAO INFORMADO'),
    ('Kamila Santos Costa', 28, 'SERENO', 'MULHER CISGENERO', 'NIS021', 'ENSINO MEDIO COMPLETO', 'CATOLICA', 'BRASILEIRA', 'URBANA', 'PROMOTORA', 'CAD021', 2, 'BRANCA', 'NAO INFORMADO', 'NAO INFORMADO'),
    ('Laura Gomes Oliveira', 46, 'JUAZEIRO', 'MULHER CISGENERO', 'NIS022', 'ENSINO FUNDAMENTAL INCOMPLETO', 'EVANGELICA', 'BRASILEIRA', 'URBANA', 'DONA DE CASA', 'CAD022', 4, 'PARDA', 'OSTEOPOROSE', 'OSTEOPOROSE'),
    ('Monica Rocha Silva', 37, 'BAIXA GRANDE', 'MULHER CISGENERO', 'NIS023', 'ENSINO MEDIO INCOMPLETO', 'ESPIRITA', 'BRASILEIRA', 'URBANA', 'FUNCIONARIA PUBLICA', 'CAD023', 2, 'NEGRA', 'NAO INFORMADO', 'NAO INFORMADO'),
    ('Natalia Souza Ferreira', 24, 'FURNAS', 'MULHER CISGENERO', 'NIS024', 'ENSINO SUPERIOR INCOMPLETO', 'CATOLICA', 'BRASILEIRA', 'URBANA', 'AUXILIAR ENFERMAGEM', 'CAD024', 1, 'BRANCA', 'NAO INFORMADO', 'NAO INFORMADO'),
    ('Olivia Silva Pereira', 43, 'SERRAGEM', 'MULHER CISGENERO', 'NIS025', 'ENSINO MEDIO COMPLETO', 'EVANGELICA', 'BRASILEIRA', 'URBANA', 'RECEPCIONISTA', 'CAD025', 3, 'PARDA', 'NAO INFORMADO', 'NAO INFORMADO'),
    ('Paula Martins Costa', 31, 'OCARA', 'MULHER CISGENERO', 'NIS026', 'ENSINO FUNDAMENTAL COMPLETO', 'ESPIRITA', 'BRASILEIRA', 'URBANA', 'MERENDEIRA', 'CAD026', 2, 'NEGRA', 'HEPATITE C', 'HEPATITE C'),
    ('Quesia Santos Gomes', 50, 'SERENO', 'MULHER CISGENERO', 'NIS027', 'ENSINO FUNDAMENTAL INCOMPLETO', 'CATOLICA', 'BRASILEIRA', 'URBANA', 'PENSIONISTA', 'CAD027', 4, 'BRANCA', 'CANCER', 'CANCER'),
    ('Rita Oliveira Ferreira', 29, 'JUAZEIRO', 'MULHER CISGENERO', 'NIS028', 'ENSINO MEDIO COMPLETO', 'EVANGELICA', 'BRASILEIRA', 'URBANA', 'GERENTE COMERCIAL', 'CAD028', 1, 'PARDA', 'NAO INFORMADO', 'NAO INFORMADO'),
    ('Sandra Rocha Alves', 39, 'BAIXA GRANDE', 'MULHER CISGENERO', 'NIS029', 'ENSINO SUPERIOR INCOMPLETO', 'ESPIRITA', 'BRASILEIRA', 'URBANA', 'CONSULTORA', 'CAD029', 2, 'BRANCA', 'NAO INFORMADO', 'NAO INFORMADO'),
    ('Tatiana Gomes Souza', 35, 'FURNAS', 'MULHER CISGENERO', 'NIS030', 'ENSINO MEDIO COMPLETO', 'CATOLICA', 'BRASILEIRA', 'URBANA', 'ELETRICISTA', 'CAD030', 3, 'PARDA', 'NAO INFORMADO', 'NAO INFORMADO'),
    ('Urania Silva Barbosa', 33, 'SERRAGEM', 'MULHER CISGENERO', 'NIS031', 'ENSINO MEDIO COMPLETO', 'EVANGELICA', 'BRASILEIRA', 'URBANA', 'TELEFONISTA', 'CAD031', 2, 'PARDA', 'NAO INFORMADO', 'NAO INFORMADO'),
    ('Vanessa Rocha Gomes', 27, 'OCARA', 'MULHER CISGENERO', 'NIS032', 'ENSINO SUPERIOR COMPLETO', 'CATOLICA', 'BRASILEIRA', 'URBANA', 'JORNALISTA', 'CAD032', 0, 'BRANCA', 'NAO INFORMADO', 'NAO INFORMADO'),
    ('Wanda Pereira Silva', 41, 'SERENO', 'MULHER CISGENERO', 'NIS033', 'ENSINO FUNDAMENTAL COMPLETO', 'ESPIRITA', 'BRASILEIRA', 'URBANA', 'COZINHEIRA', 'CAD033', 3, 'NEGRA', 'PRESSAO ALTA', 'PRESSAO ALTA'),
    ('Ximena Costa Ferreira', 36, 'JUAZEIRO', 'MULHER CISGENERO', 'NIS034', 'ENSINO MEDIO INCOMPLETO', 'EVANGELICA', 'BRASILEIRA', 'URBANA', 'VENDEDORA AMBULANTE', 'CAD034', 1, 'PARDA', 'NAO INFORMADO', 'NAO INFORMADO'),
    ('Yasmin Souza Martins', 44, 'BAIXA GRANDE', 'MULHER CISGENERO', 'NIS035', 'ENSINO SUPERIOR COMPLETO', 'CATOLICA', 'BRASILEIRA', 'URBANA', 'PEDIATRA', 'CAD035', 2, 'BRANCA', 'NAO INFORMADO', 'NAO INFORMADO'),
    ('Zelia Oliveira Gomes', 52, 'FURNAS', 'MULHER CISGENERO', 'NIS036', 'ENSINO FUNDAMENTAL INCOMPLETO', 'EVANGELICA', 'BRASILEIRA', 'URBANA', 'APOSENTADA', 'CAD036', 4, 'NEGRA', 'ARTRITE', 'ARTRITE'),
    ('Adriana Silva Costa', 30, 'SERRAGEM', 'MULHER CISGENERO', 'NIS037', 'ENSINO MEDIO COMPLETO', 'ESPIRITA', 'BRASILEIRA', 'URBANA', 'CONSULTORA DE VENDAS', 'CAD037', 1, 'PARDA', 'NAO INFORMADO', 'NAO INFORMADO'),
    ('Bernadete Ferreira Rocha', 38, 'OCARA', 'MULHER CISGENERO', 'NIS038', 'ENSINO FUNDAMENTAL COMPLETO', 'CATOLICA', 'BRASILEIRA', 'URBANA', 'AGENTE DE LIMPEZA', 'CAD038', 3, 'BRANCA', 'ASMA', 'ASMA'),
    ('Carmem Santos Souza', 25, 'SERENO', 'MULHER CISGENERO', 'NIS039', 'ENSINO SUPERIOR INCOMPLETO', 'EVANGELICA', 'BRASILEIRA', 'URBANA', 'ESTAGIARIA', 'CAD039', 0, 'NEGRA', 'NAO INFORMADO', 'NAO INFORMADO'),
    ('Dolores Gomes Alves', 47, 'JUAZEIRO', 'MULHER CISGENERO', 'NIS040', 'ENSINO MEDIO COMPLETO', 'ESPIRITA', 'BRASILEIRA', 'URBANA', 'ASSISTENTE SOCIAL', 'CAD040', 2, 'PARDA', 'NAO INFORMADO', 'NAO INFORMADO'),
    ('Erica Pereira Martins', 29, 'BAIXA GRANDE', 'MULHER CISGENERO', 'NIS041', 'ENSINO SUPERIOR COMPLETO', 'CATOLICA', 'BRASILEIRA', 'URBANA', 'ENGENHEIRA', 'CAD041', 1, 'BRANCA', 'NAO INFORMADO', 'NAO INFORMADO'),
    ('Francisca Silva Oliveira', 53, 'FURNAS', 'MULHER CISGENERO', 'NIS042', 'ENSINO FUNDAMENTAL INCOMPLETO', 'EVANGELICA', 'BRASILEIRA', 'URBANA', 'SERVICOS DOMESTICOS', 'CAD042', 3, 'NEGRA', 'DIABETES', 'DIABETES'),
    ('Geisiane Costa Santos', 34, 'SERRAGEM', 'MULHER CISGENERO', 'NIS043', 'ENSINO MEDIO COMPLETO', 'ESPIRITA', 'BRASILEIRA', 'URBANA', 'AUXILIAR ADMINISTRATIVO', 'CAD043', 2, 'PARDA', 'NAO INFORMADO', 'NAO INFORMADO'),
    ('Helena Gomes Ferreira', 26, 'OCARA', 'MULHER CISGENERO', 'NIS044', 'ENSINO SUPERIOR INCOMPLETO', 'CATOLICA', 'BRASILEIRA', 'URBANA', 'DESIGNER GRAFICO', 'CAD044', 0, 'BRANCA', 'NAO INFORMADO', 'NAO INFORMADO'),
    ('Iris Costa Barbosa', 40, 'SERENO', 'MULHER CISGENERO', 'NIS045', 'ENSINO FUNDAMENTAL COMPLETO', 'EVANGELICA', 'BRASILEIRA', 'URBANA', 'FAXINEIRA', 'CAD045', 3, 'NEGRA', 'PRESSAO ALTA', 'PRESSAO ALTA'),
    ('Jezabel Souza Oliveira', 45, 'JUAZEIRO', 'MULHER CISGENERO', 'NIS046', 'ENSINO MEDIO INCOMPLETO', 'ESPIRITA', 'BRASILEIRA', 'URBANA', 'DONA DE CASA', 'CAD046', 4, 'PARDA', 'FIBROMIALGIA', 'FIBROMIALGIA'),
    ('Karen Silva Ferreira', 32, 'BAIXA GRANDE', 'MULHER CISGENERO', 'NIS047', 'ENSINO SUPERIOR COMPLETO', 'CATOLICA', 'BRASILEIRA', 'URBANA', 'ADVOGADA', 'CAD047', 2, 'BRANCA', 'NAO INFORMADO', 'NAO INFORMADO'),
    ('Lilia Pereira Gomes', 38, 'FURNAS', 'MULHER CISGENERO', 'NIS048', 'ENSINO MEDIO COMPLETO', 'EVANGELICA', 'BRASILEIRA', 'URBANA', 'PROFESSORA UNIVERSITARIA', 'CAD048', 1, 'NEGRA', 'NAO INFORMADO', 'NAO INFORMADO'),
    ('Miriam Santos Costa', 51, 'SERRAGEM', 'MULHER CISGENERO', 'NIS049', 'ENSINO FUNDAMENTAL COMPLETO', 'ESPIRITA', 'BRASILEIRA', 'URBANA', 'AUXILIAR DE BIBLIOTECA', 'CAD049', 3, 'PARDA', 'CARDIOPATIA', 'CARDIOPATIA'),
    ('Nair Oliveira Silva', 28, 'OCARA', 'MULHER CISGENERO', 'NIS050', 'ENSINO SUPERIOR INCOMPLETO', 'CATOLICA', 'BRASILEIRA', 'URBANA', 'EDITORA', 'CAD050', 1, 'BRANCA', 'NAO INFORMADO', 'NAO INFORMADO'),
    ('Odete Gomes Alves', 43, 'SERENO', 'MULHER CISGENERO', 'NIS051', 'ENSINO MEDIO COMPLETO', 'EVANGELICA', 'BRASILEIRA', 'URBANA', 'CAIXA SUPERMERCADO', 'CAD051', 2, 'NEGRA', 'NAO INFORMADO', 'NAO INFORMADO'),
    ('Priscila Costa Souza', 35, 'JUAZEIRO', 'MULHER CISGENERO', 'NIS052', 'ENSINO FUNDAMENTAL INCOMPLETO', 'ESPIRITA', 'BRASILEIRA', 'URBANA', 'VENDEDORA LOJA', 'CAD052', 3, 'PARDA', 'NAO INFORMADO', 'NAO INFORMADO'),
    ('Quezia Ferreira Martins', 49, 'BAIXA GRANDE', 'MULHER CISGENERO', 'NIS053', 'ENSINO MEDIO INCOMPLETO', 'CATOLICA', 'BRASILEIRA', 'URBANA', 'OPERADORA CAIXA', 'CAD053', 2, 'BRANCA', 'LUPUS', 'LUPUS'),
    ('Rosana Silva Pereira', 31, 'FURNAS', 'MULHER CISGENERO', 'NIS054', 'ENSINO SUPERIOR COMPLETO', 'EVANGELICA', 'BRASILEIRA', 'URBANA', 'PSICOLOGIA', 'CAD054', 1, 'NEGRA', 'NAO INFORMADO', 'NAO INFORMADO'),
    ('Shirley Rocha Costa', 37, 'SERRAGEM', 'MULHER CISGENERO', 'NIS055', 'ENSINO MEDIO COMPLETO', 'ESPIRITA', 'BRASILEIRA', 'URBANA', 'GERENTE DE RESTAURANTE', 'CAD055', 3, 'PARDA', 'NAO INFORMADO', 'NAO INFORMADO'),
    ('Telma Souza Oliveira', 44, 'OCARA', 'MULHER CISGENERO', 'NIS056', 'ENSINO FUNDAMENTAL COMPLETO', 'CATOLICA', 'BRASILEIRA', 'URBANA', 'ENCANADORA', 'CAD056', 2, 'BRANCA', 'COLUNA DESVIADA', 'COLUNA DESVIADA'),
    ('Urania Gomes Santos', 27, 'SERENO', 'MULHER CISGENERO', 'NIS057', 'ENSINO SUPERIOR INCOMPLETO', 'EVANGELICA', 'BRASILEIRA', 'URBANA', 'ESTETICIEN', 'CAD057', 0, 'NEGRA', 'NAO INFORMADO', 'NAO INFORMADO'),
    ('Valeska Martins Ferreira', 42, 'JUAZEIRO', 'MULHER CISGENERO', 'NIS058', 'ENSINO MEDIO COMPLETO', 'ESPIRITA', 'BRASILEIRA', 'URBANA', 'VENDEDORA CONSIGNADO', 'CAD058', 2, 'PARDA', 'NAO INFORMADO', 'NAO INFORMADO'),
    ('Vivian Silva Costa', 55, 'BAIXA GRANDE', 'MULHER CISGENERO', 'NIS059', 'ENSINO FUNDAMENTAL INCOMPLETO', 'CATOLICA', 'BRASILEIRA', 'URBANA', 'PENSIONISTA', 'CAD059', 4, 'BRANCA', 'PROBLEMAS CARDIACOS', 'PROBLEMAS CARDIACOS'),
    ('Xueling Santos Barbosa', 26, 'FURNAS', 'MULHER CISGENERO', 'NIS060', 'ENSINO SUPERIOR COMPLETO', 'EVANGELICA', 'BRASILEIRA', 'URBANA', 'FARMACEUTICA', 'CAD060', 1, 'NEGRA', 'NAO INFORMADO', 'NAO INFORMADO'),
    ('Yara Oliveira Gomes', 39, 'SERRAGEM', 'MULHER CISGENERO', 'NIS061', 'ENSINO MEDIO INCOMPLETO', 'ESPIRITA', 'BRASILEIRA', 'URBANA', 'COMERCIANTE', 'CAD061', 3, 'PARDA', 'MIOPIA', 'MIOPIA'),
    ('Zenilda Costa Silva', 48, 'OCARA', 'MULHER CISGENERO', 'NIS062', 'ENSINO FUNDAMENTAL COMPLETO', 'CATOLICA', 'BRASILEIRA', 'URBANA', 'VIGILANTE NOTURNO', 'CAD062', 2, 'BRANCA', 'HIPERTENSAO', 'HIPERTENSAO'),
    ('Abigail Silva Pereira', 34, 'SERENO', 'MULHER CISGENERO', 'NIS063', 'ENSINO SUPERIOR INCOMPLETO', 'EVANGELICA', 'BRASILEIRA', 'URBANA', 'NUTRICIONISTA', 'CAD063', 1, 'NEGRA', 'NAO INFORMADO', 'NAO INFORMADO'),
    ('Benedita Ferreira Alves', 46, 'JUAZEIRO', 'MULHER CISGENERO', 'NIS064', 'ENSINO MEDIO COMPLETO', 'ESPIRITA', 'BRASILEIRA', 'URBANA', 'OPERADORA TURISMO', 'CAD064', 2, 'PARDA', 'NAO INFORMADO', 'NAO INFORMADO'),
    ('Conceicao Gomes Rocha', 53, 'BAIXA GRANDE', 'MULHER CISGENERO', 'NIS065', 'ENSINO FUNDAMENTAL INCOMPLETO', 'CATOLICA', 'BRASILEIRA', 'URBANA', 'FAXINEIRA PREDIOS', 'CAD065', 3, 'BRANCA', 'ARTROSE', 'ARTROSE'),
    ('Divina Santos Souza', 41, 'FURNAS', 'MULHER CISGENERO', 'NIS066', 'ENSINO MEDIO INCOMPLETO', 'EVANGELICA', 'BRASILEIRA', 'URBANA', 'VENDEDORA LOJAS', 'CAD066', 2, 'NEGRA', 'NAO INFORMADO', 'NAO INFORMADO'),
    ('Eloiza Martins Costa', 29, 'SERRAGEM', 'MULHER CISGENERO', 'NIS067', 'ENSINO SUPERIOR COMPLETO', 'ESPIRITA', 'BRASILEIRA', 'URBANA', 'CONTADORA', 'CAD067', 1, 'PARDA', 'NAO INFORMADO', 'NAO INFORMADO'),
    ('Fatima Silva Gomes', 37, 'OCARA', 'MULHER CISGENERO', 'NIS068', 'ENSINO FUNDAMENTAL COMPLETO', 'CATOLICA', 'BRASILEIRA', 'URBANA', 'JARDINEIRA', 'CAD068', 2, 'BRANCA', 'PROBLEMAS AUDITIVOS', 'PROBLEMAS AUDITIVOS'),
    ('Gardenia Costa Oliveira', 25, 'SERENO', 'MULHER CISGENERO', 'NIS069', 'ENSINO SUPERIOR INCOMPLETO', 'EVANGELICA', 'BRASILEIRA', 'URBANA', 'SOCIAL MEDIA', 'CAD069', 0, 'NEGRA', 'NAO INFORMADO', 'NAO INFORMADO'),
    ('Hulda Pereira Santos', 51, 'JUAZEIRO', 'MULHER CISGENERO', 'NIS070', 'ENSINO MEDIO COMPLETO', 'ESPIRITA', 'BRASILEIRA', 'URBANA', 'GERENTE BANCO', 'CAD070', 3, 'PARDA', 'PRESBIOPIA', 'PRESBIOPIA'),
    ('Ingrid Rocha Martins', 33, 'BAIXA GRANDE', 'MULHER CISGENERO', 'NIS071', 'ENSINO FUNDAMENTAL COMPLETO', 'CATOLICA', 'BRASILEIRA', 'URBANA', 'MOTORISTA UBER', 'CAD071', 2, 'BRANCA', 'NAO INFORMADO', 'NAO INFORMADO'),
    ('Jacira Silva Ferreira', 40, 'FURNAS', 'MULHER CISGENERO', 'NIS072', 'ENSINO MEDIO INCOMPLETO', 'EVANGELICA', 'BRASILEIRA', 'URBANA', 'CONSULTOR IMOBIILIARIO', 'CAD072', 1, 'NEGRA', 'NAO INFORMADO', 'NAO INFORMADO'),
    ('Kamila Souza Costa', 28, 'SERRAGEM', 'MULHER CISGENERO', 'NIS073', 'ENSINO SUPERIOR COMPLETO', 'ESPIRITA', 'BRASILEIRA', 'URBANA', 'ARQUITETA', 'CAD073', 2, 'PARDA', 'NAO INFORMADO', 'NAO INFORMADO'),
    ('Lidia Gomes Silva', 45, 'OCARA', 'MULHER CISGENERO', 'NIS074', 'ENSINO FUNDAMENTAL COMPLETO', 'CATOLICA', 'BRASILEIRA', 'URBANA', 'COSTUREIRA FREELANCER', 'CAD074', 3, 'BRANCA', 'DISTIMIA', 'DISTIMIA'),
    ('Maira Oliveira Alves', 31, 'SERENO', 'MULHER CISGENERO', 'NIS075', 'ENSINO MEDIO COMPLETO', 'EVANGELICA', 'BRASILEIRA', 'URBANA', 'MODELO', 'CAD075', 1, 'NEGRA', 'NAO INFORMADO', 'NAO INFORMADO'),
    ('Nilda Ferreira Souza', 44, 'JUAZEIRO', 'MULHER CISGENERO', 'NIS076', 'ENSINO SUPERIOR INCOMPLETO', 'ESPIRITA', 'BRASILEIRA', 'URBANA', 'AUDITORA', 'CAD076', 2, 'PARDA', 'NAO INFORMADO', 'NAO INFORMADO'),
    ('Otavia Santos Costa', 37, 'BAIXA GRANDE', 'MULHER CISGENERO', 'NIS077', 'ENSINO MEDIO COMPLETO', 'CATOLICA', 'BRASILEIRA', 'URBANA', 'MANICURE PEDICURE', 'CAD077', 3, 'BRANCA', 'NAO INFORMADO', 'NAO INFORMADO'),
    ('Palmira Costa Pereira', 42, 'FURNAS', 'MULHER CISGENERO', 'NIS078', 'ENSINO FUNDAMENTAL INCOMPLETO', 'EVANGELICA', 'BRASILEIRA', 'URBANA', 'DONA DE LANCHONETE', 'CAD078', 2, 'NEGRA', 'CEFALEIA CRONICA', 'CEFALEIA CRONICA'),
    ('Quirina Martins Gomes', 55, 'SERRAGEM', 'MULHER CISGENERO', 'NIS079', 'ENSINO MEDIO INCOMPLETO', 'ESPIRITA', 'BRASILEIRA', 'URBANA', 'SUPERVISORA', 'CAD079', 4, 'PARDA', 'OSTEOPOROSE', 'OSTEOPOROSE'),
    ('Roberta Silva Rocha', 26, 'OCARA', 'MULHER CISGENERO', 'NIS080', 'ENSINO SUPERIOR COMPLETO', 'CATOLICA', 'BRASILEIRA', 'URBANA', 'PESQUISADORA', 'CAD080', 0, 'BRANCA', 'NAO INFORMADO', 'NAO INFORMADO');

----------------
-- =====================================================
-- 2. INSERÇÃO DE FILHOS (80 tuplas)
-- =====================================================
INSERT INTO FILHO (seq_filho, qtd_filhos_deficiencia, viu_violencia, violencia_gravidez, id_assistida, qtd_filho_agressor, qtd_filho_outro_relacionamento)
VALUES 
    (1, 0, true, false, 1, 2, 0),
    (2, 0, false, false, 2, 1, 0),
    (3, 1, true, true, 3, 2, 1),
    (4, 0, true, false, 4, 2, 0),
    (5, 0, false, false, 5, 0, 4),
    (6, 1, true, false, 6, 1, 0),
    (7, 0, false, true, 7, 2, 1),
    (8, 0, true, false, 8, 1, 1),
    (9, 2, true, true, 9, 3, 0),
    (10, 0, false, false, 10, 2, 2),
    (11, 1, true, false, 11, 1, 0),
    (12, 0, true, true, 12, 2, 1),
    (13, 0, false, false, 13, 2, 0),
    (14, 1, true, false, 14, 3, 2),
    (15, 0, false, true, 15, 1, 1),
    (16, 0, true, false, 16, 2, 0),
    (17, 1, false, false, 17, 2, 1),
    (18, 0, true, true, 18, 1, 0),
    (19, 0, false, false, 19, 3, 1),
    (20, 1, true, false, 20, 2, 0),
    (21, 0, false, true, 21, 1, 2),
    (22, 0, true, false, 22, 2, 1),
    (23, 2, true, true, 23, 3, 0),
    (24, 0, false, false, 24, 1, 1),
    (25, 1, true, false, 25, 2, 0),
    (26, 0, false, true, 26, 2, 1),
    (27, 0, true, false, 27, 4, 0),
    (28, 1, true, true, 28, 1, 2),
    (29, 0, false, false, 29, 2, 1),
    (30, 0, true, false, 30, 3, 0),
    (31, 1, false, false, 31, 2, 0),
    (32, 0, true, true, 32, 1, 1),
    (33, 0, false, false, 33, 3, 0),
    (34, 1, true, false, 34, 2, 1),
    (35, 0, false, true, 35, 1, 0),
    (36, 0, true, false, 36, 4, 1),
    (37, 1, true, true, 37, 2, 0),
    (38, 0, false, false, 38, 3, 1),
    (39, 1, true, false, 39, 1, 0),
    (40, 0, false, true, 40, 2, 2),
    (41, 0, true, false, 41, 2, 0),
    (42, 1, false, false, 42, 3, 1),
    (43, 0, true, true, 43, 1, 0),
    (44, 0, false, false, 44, 2, 1),
    (45, 1, true, false, 45, 4, 0),
    (46, 0, false, true, 46, 1, 1),
    (47, 0, true, false, 47, 2, 0),
    (48, 1, true, true, 48, 3, 1),
    (49, 0, false, false, 49, 2, 0),
    (50, 1, true, false, 50, 1, 2),
    (51, 0, false, true, 51, 2, 0),
    (52, 0, true, false, 52, 3, 1),
    (53, 1, true, true, 53, 1, 0),
    (54, 0, false, false, 54, 4, 1),
    (55, 1, true, false, 55, 2, 0),
    (56, 0, false, true, 56, 2, 1),
    (57, 0, true, false, 57, 1, 0),
    (58, 1, false, false, 58, 3, 1),
    (59, 0, true, true, 59, 2, 0),
    (60, 0, false, false, 60, 4, 2),
    (61, 1, true, false, 61, 1, 0),
    (62, 0, false, true, 62, 2, 1),
    (63, 0, true, false, 63, 3, 0),
    (64, 1, true, true, 64, 2, 1),
    (65, 0, false, false, 65, 1, 0),
    (66, 0, true, false, 66, 2, 1),
    (67, 1, false, false, 67, 3, 0),
    (68, 0, true, true, 68, 1, 1),
    (69, 0, false, false, 69, 4, 0),
    (70, 1, true, false, 70, 2, 1),
    (71, 0, false, true, 71, 2, 0),
    (72, 0, true, false, 72, 1, 2),
    (73, 1, true, true, 73, 3, 0),
    (74, 0, false, false, 74, 2, 1),
    (75, 0, true, false, 75, 2, 0),
    (76, 1, false, false, 76, 4, 1),
    (77, 0, true, true, 77, 1, 0),
    (78, 0, false, false, 78, 3, 1),
    (79, 1, true, false, 79, 2, 0),
    (80, 0, false, true, 80, 2, 1);

-- =====================================================
-- 3. INSERÇÃO DE FAIXA ETÁRIA DOS FILHOS (80 tuplas)
-- =====================================================
INSERT INTO FAIXA_FILHO (id_assistida, id_filhos, faixa_etaria)
VALUES 
    (1, 1, '0 A 11 ANOS'),
    (2, 2, '12 A 17 ANOS'),
    (3, 3, '0 A 11 ANOS'),
    (4, 4, '12 A 17 ANOS'),
    (5, 5, 'A PARTIR DE 18 ANOS'),
    (6, 6, '12 A 17 ANOS'),
    (7, 7, '0 A 11 ANOS'),
    (8, 8, 'A PARTIR DE 18 ANOS'),
    (9, 9, '0 A 11 ANOS'),
    (10, 10, '12 A 17 ANOS'),
    (11, 11, '12 A 17 ANOS'),
    (12, 12, '0 A 11 ANOS'),
    (13, 13, 'A PARTIR DE 18 ANOS'),
    (14, 14, '0 A 11 ANOS'),
    (15, 15, '12 A 17 ANOS'),
    (16, 16, '12 A 17 ANOS'),
    (17, 17, '0 A 11 ANOS'),
    (18, 18, '12 A 17 ANOS'),
    (19, 19, '0 A 11 ANOS'),
    (20, 20, 'A PARTIR DE 18 ANOS'),
    (21, 21, '12 A 17 ANOS'),
    (22, 22, '0 A 11 ANOS'),
    (23, 23, '0 A 11 ANOS'),
    (24, 24, '12 A 17 ANOS'),
    (25, 25, '12 A 17 ANOS'),
    (26, 26, '0 A 11 ANOS'),
    (27, 27, 'A PARTIR DE 18 ANOS'),
    (28, 28, '12 A 17 ANOS'),
    (29, 29, '0 A 11 ANOS'),
    (30, 30, 'A PARTIR DE 18 ANOS'),
    (31, 31, '0 A 11 ANOS'),
    (32, 32, '12 A 17 ANOS'),
    (33, 33, '0 A 11 ANOS'),
    (34, 34, '12 A 17 ANOS'),
    (35, 35, 'A PARTIR DE 18 ANOS'),
    (36, 36, '12 A 17 ANOS'),
    (37, 37, '0 A 11 ANOS'),
    (38, 38, 'A PARTIR DE 18 ANOS'),
    (39, 39, '0 A 11 ANOS'),
    (40, 40, '12 A 17 ANOS'),
    (41, 41, '12 A 17 ANOS'),
    (42, 42, '0 A 11 ANOS'),
    (43, 43, 'A PARTIR DE 18 ANOS'),
    (44, 44, '0 A 11 ANOS'),
    (45, 45, '12 A 17 ANOS'),
    (46, 46, '12 A 17 ANOS'),
    (47, 47, '0 A 11 ANOS'),
    (48, 48, '12 A 17 ANOS'),
    (49, 49, '0 A 11 ANOS'),
    (50, 50, 'A PARTIR DE 18 ANOS'),
    (51, 51, '12 A 17 ANOS'),
    (52, 52, '0 A 11 ANOS'),
    (53, 53, '0 A 11 ANOS'),
    (54, 54, '12 A 17 ANOS'),
    (55, 55, '12 A 17 ANOS'),
    (56, 56, '0 A 11 ANOS'),
    (57, 57, 'A PARTIR DE 18 ANOS'),
    (58, 58, '12 A 17 ANOS'),
    (59, 59, '0 A 11 ANOS'),
    (60, 60, 'A PARTIR DE 18 ANOS'),
    (61, 61, '0 A 11 ANOS'),
    (62, 62, '12 A 17 ANOS'),
    (63, 63, '0 A 11 ANOS'),
    (64, 64, '12 A 17 ANOS'),
    (65, 65, 'A PARTIR DE 18 ANOS'),
    (66, 66, '12 A 17 ANOS'),
    (67, 67, '0 A 11 ANOS'),
    (68, 68, 'A PARTIR DE 18 ANOS'),
    (69, 69, '0 A 11 ANOS'),
    (70, 70, '12 A 17 ANOS'),
    (71, 71, '12 A 17 ANOS'),
    (72, 72, '0 A 11 ANOS'),
    (73, 73, 'A PARTIR DE 18 ANOS'),
    (74, 74, '0 A 11 ANOS'),
    (75, 75, '12 A 17 ANOS'),
    (76, 76, '12 A 17 ANOS'),
    (77, 77, '0 A 11 ANOS'),
    (78, 78, '12 A 17 ANOS'),
    (79, 79, '0 A 11 ANOS'),
    (80, 80, 'A PARTIR DE 18 ANOS');

-- =====================================================
-- 4. INSERÇÃO DE CONFLITOS COM FILHOS (80 tuplas)
-- =====================================================
INSERT INTO CONFLITO_FILHO (tipo_conflito, id_assistida, seq_filho)
VALUES 
    ('SIM, GUARDA DO(S) FILHO(S)', 1, 1),
    ('SIM, VISITAS', 2, 2),
    ('SIM, PAGAMENTO DE PENSAO', 3, 3),
    ('NAO', 4, 4),
    ('SIM, GUARDA DO(S) FILHO(S)', 5, 5),
    ('SIM, VISITAS', 6, 6),
    ('SIM, PAGAMENTO DE PENSAO', 7, 7),
    ('NAO', 8, 8),
    ('SIM, GUARDA DO(S) FILHO(S)', 9, 9),
    ('SIM, VISITAS', 10, 10),
    ('SIM, PAGAMENTO DE PENSAO', 11, 11),
    ('NAO', 12, 12),
    ('SIM, GUARDA DO(S) FILHO(S)', 13, 13),
    ('SIM, VISITAS', 14, 14),
    ('SIM, PAGAMENTO DE PENSAO', 15, 15),
    ('NAO', 16, 16),
    ('SIM, GUARDA DO(S) FILHO(S)', 17, 17),
    ('SIM, VISITAS', 18, 18),
    ('SIM, PAGAMENTO DE PENSAO', 19, 19),
    ('NAO', 20, 20),
    ('SIM, GUARDA DO(S) FILHO(S)', 21, 21),
    ('SIM, VISITAS', 22, 22),
    ('SIM, PAGAMENTO DE PENSAO', 23, 23),
    ('NAO', 24, 24),
    ('SIM, GUARDA DO(S) FILHO(S)', 25, 25),
    ('SIM, VISITAS', 26, 26),
    ('SIM, PAGAMENTO DE PENSAO', 27, 27),
    ('NAO', 28, 28),
    ('SIM, GUARDA DO(S) FILHO(S)', 29, 29),
    ('SIM, VISITAS', 30, 30),
    ('SIM, PAGAMENTO DE PENSAO', 31, 31),
    ('NAO', 32, 32),
    ('SIM, GUARDA DO(S) FILHO(S)', 33, 33),
    ('SIM, VISITAS', 34, 34),
    ('SIM, PAGAMENTO DE PENSAO', 35, 35),
    ('NAO', 36, 36),
    ('SIM, GUARDA DO(S) FILHO(S)', 37, 37),
    ('SIM, VISITAS', 38, 38),
    ('SIM, PAGAMENTO DE PENSAO', 39, 39),
    ('NAO', 40, 40),
    ('SIM, GUARDA DO(S) FILHO(S)', 41, 41),
    ('SIM, VISITAS', 42, 42),
    ('SIM, PAGAMENTO DE PENSAO', 43, 43),
    ('NAO', 44, 44),
    ('SIM, GUARDA DO(S) FILHO(S)', 45, 45),
    ('SIM, VISITAS', 46, 46),
    ('SIM, PAGAMENTO DE PENSAO', 47, 47),
    ('NAO', 48, 48),
    ('SIM, GUARDA DO(S) FILHO(S)', 49, 49),
    ('SIM, VISITAS', 50, 50),
    ('SIM, PAGAMENTO DE PENSAO', 51, 51),
    ('NAO', 52, 52),
    ('SIM, GUARDA DO(S) FILHO(S)', 53, 53),
    ('SIM, VISITAS', 54, 54),
    ('SIM, PAGAMENTO DE PENSAO', 55, 55),
    ('NAO', 56, 56),
    ('SIM, GUARDA DO(S) FILHO(S)', 57, 57),
    ('SIM, VISITAS', 58, 58),
    ('SIM, PAGAMENTO DE PENSAO', 59, 59),
    ('NAO', 60, 60),
    ('SIM, GUARDA DO(S) FILHO(S)', 61, 61),
    ('SIM, VISITAS', 62, 62),
    ('SIM, PAGAMENTO DE PENSAO', 63, 63),
    ('NAO', 64, 64),
    ('SIM, GUARDA DO(S) FILHO(S)', 65, 65),
    ('SIM, VISITAS', 66, 66),
    ('SIM, PAGAMENTO DE PENSAO', 67, 67),
    ('NAO', 68, 68),
    ('SIM, GUARDA DO(S) FILHO(S)', 69, 69),
    ('SIM, VISITAS', 70, 70),
    ('SIM, PAGAMENTO DE PENSAO', 71, 71),
    ('NAO', 72, 72),
    ('SIM, GUARDA DO(S) FILHO(S)', 73, 73),
    ('SIM, VISITAS', 74, 74),
    ('SIM, PAGAMENTO DE PENSAO', 75, 75),
    ('NAO', 76, 76),
    ('SIM, GUARDA DO(S) FILHO(S)', 77, 77),
    ('SIM, VISITAS', 78, 78),
    ('SIM, PAGAMENTO DE PENSAO', 79, 79),
    ('NAO', 80, 80);

-- =====================================================
-- 5. INSERÇÃO DE CASOS (80 tuplas)
-- =====================================================
INSERT INTO CASO (Data, separacao, novo_relac, abrigo, depen_finc, mora_risco, medida, frequencia, id_assistida, outras_informacoes)
VALUES 
    ('2025-11-20', 'SIM', false, false, true, 'SIM', true, true, 1, 'SITUACAO DE RISCO MODERADO. ACOMPANHAMENTO CONTINUO NECESSARIO.'),
    ('2025-11-18', 'NAO', true, false, false, 'NAO', false, false, 2, 'NOVO RELACIONAMENTO CAUSOU AUMENTO NA AGRESSAO VERBAL.'),
    ('2025-11-15', 'SIM', false, true, true, 'SIM', true, true, 3, 'SITUACAO CRITICA. RECOMENDADO ABRIGAMENTO TEMPORARIO.'),
    ('2025-11-22', 'NAO', false, false, true, 'SIM', true, true, 4, 'CASOS DE VIOLENCIA FISICA RECORRENTES.'),
    ('2025-11-10', 'SIM', false, false, false, 'NAO', false, false, 5, 'ACOMPANHAMENTO PSICOSSOCIAL EM ANDAMENTO.'),
    ('2025-11-19', 'SIM', false, false, true, 'NAO', true, false, 6, 'DENUNCIADO AOS ORGAOS COMPETENTES.'),
    ('2025-11-17', 'NAO', true, false, false, 'SIM', false, true, 7, 'ENCAMINHAMENTO PARA ABRIGO REALIZADO.'),
    ('2025-11-16', 'SIM', false, true, true, 'SIM', true, true, 8, 'VIOLENCIA INTRAFAMILIAR CONFIRMADA.'),
    ('2025-11-21', 'NAO', false, false, true, 'NAO', false, false, 9, 'NECESSARIO ACOMPANHAMENTO MENSAL.'),
    ('2025-11-14', 'SIM', true, false, false, 'SIM', true, false, 10, 'MEDIDA PROTETIVA EM VIGOR.'),
    ('2025-11-12', 'NAO', false, true, true, 'NAO', false, true, 11, 'CASO ENCERRADO COM SUCESSO.'),
    ('2025-11-11', 'SIM', false, false, false, 'SIM', true, true, 12, 'ACOMPANHAMENTO PSICOLOGICO NECESSARIO.'),
    ('2025-11-23', 'NAO', true, false, true, 'NAO', false, false, 13, 'RENDA FAMILIAR INSUFICIENTE.'),
    ('2025-11-09', 'SIM', false, true, true, 'SIM', true, true, 14, 'CRIANCAS NECESSITAM DE PROTECAO.'),
    ('2025-11-08', 'NAO', false, false, false, 'NAO', false, false, 15, 'RELACOES FAMILIARES ESTABILIZADAS.'),
    ('2025-11-24', 'SIM', true, false, true, 'SIM', true, false, 16, 'VIOLENCIA DOMESTICA COMPROVADA.'),
    ('2025-11-07', 'NAO', false, true, false, 'NAO', false, true, 17, 'ABRIGAMENTO CONTINUA INDICADO.'),
    ('2025-11-25', 'SIM', false, false, true, 'SIM', true, true, 18, 'REINCIDENCIA DE AGRESSOES.'),
    ('2025-11-06', 'NAO', true, false, false, 'NAO', false, false, 19, 'ESTABILIDADE ALCANCADA.'),
    ('2025-11-05', 'SIM', false, true, true, 'SIM', true, true, 20, 'PROTECAO DE MENORES PRIORITARIA.'),
    ('2025-11-04', 'NAO', false, false, true, 'NAO', false, false, 21, 'ACOMPANHAMENTO SOCIOECONOMICO.'),
    ('2025-11-03', 'SIM', true, false, false, 'SIM', true, false, 22, 'NOVO CASAL REQUER INTERVENCAO.'),
    ('2025-11-02', 'NAO', false, true, true, 'NAO', false, true, 23, 'ABRIGAMENTO TEMPORARIO CONCLUIDO.'),
    ('2025-11-01', 'SIM', false, false, true, 'SIM', true, true, 24, 'NECESSARIA REAVALIACAO DO CASO.'),
    ('2025-10-31', 'NAO', true, false, false, 'NAO', false, false, 25, 'CLIENTE SATISFEITA COM ACOMPANHAMENTO.'),
    ('2025-10-30', 'SIM', false, true, true, 'SIM', true, true, 26, 'CRISE CONJUGAL SUPERADA.'),
    ('2025-10-29', 'NAO', false, false, true, 'NAO', false, false, 27, 'VIGILANCIA CONTINUADA.'),
    ('2025-10-28', 'SIM', true, false, false, 'SIM', true, false, 28, 'VIOLENCIA PSICOLOGICA DOCUMENTADA.'),
    ('2025-10-27', 'NAO', false, true, true, 'NAO', false, true, 29, 'ABRIGO PARA FILHOS NECESSARIO.'),
    ('2025-10-26', 'SIM', false, false, true, 'SIM', true, true, 30, 'CASO EM ACOMPANHAMENTO CONTINUO'),
    ('2025-10-25', 'SIM', true, false, false, 'SIM', true, false, 31, 'VIOLENCIA ECONOMICA DOCUMENTADA.'),
    ('2025-10-24', 'NAO', false, true, true, 'NAO', false, true, 32, 'ACOMPANHAMENTO ASSISTENCIA SOCIAL.'),
    ('2025-10-23', 'SIM', false, false, true, 'SIM', true, true, 33, 'RISCO IMINENTE DE MORTE.'),
    ('2025-10-22', 'NAO', true, false, false, 'NAO', false, false, 34, 'MEDIDA PROTETIVA VIGENTE.'),
    ('2025-10-21', 'SIM', false, true, true, 'SIM', true, true, 35, 'VIOLENCIA CONTRA CRIANCAS CONFIRMADA.'),
    ('2025-10-20', 'NAO', false, false, true, 'NAO', false, false, 36, 'ENCAMINHAMENTO PARA RENDA EMERGENCIAL.'),
    ('2025-10-19', 'SIM', true, false, false, 'SIM', true, false, 37, 'SITUACAO SOCIAL CRITICA.'),
    ('2025-10-18', 'NAO', false, true, true, 'NAO', false, true, 38, 'ASSISTIDA EM ABRIGO TEMPORARIO.'),
    ('2025-10-17', 'SIM', false, false, true, 'SIM', true, true, 39, 'ORIENTACAO LEGAL NECESSARIA.'),
    ('2025-10-16', 'NAO', true, false, false, 'NAO', false, false, 40, 'CASO ESTAVEL COM SUPORTE.'),
    ('2025-10-15', 'SIM', false, true, true, 'SIM', true, true, 41, 'FILHOS PRECISAM PROTECAO IMEDIATA.'),
    ('2025-10-14', 'NAO', false, false, true, 'NAO', false, false, 42, 'ATENDIMENTO PSICOLOGICO INICIADO.'),
    ('2025-10-13', 'SIM', true, false, false, 'SIM', true, false, 43, 'AGRESSOR COM RESTRICOES JUDICIAIS.'),
    ('2025-10-12', 'NAO', false, true, true, 'NAO', false, true, 44, 'ABRIGAMENTO PROLONGADO NECESSARIO.'),
    ('2025-10-11', 'SIM', false, false, true, 'SIM', true, true, 45, 'REDE DE APOIO ATIVADA.'),
    ('2025-10-10', 'NAO', true, false, false, 'NAO', false, false, 46, 'DOCUMENTACAO COMPLETA REALIZADA.'),
    ('2025-10-09', 'SIM', false, true, true, 'SIM', true, true, 47, 'MEDIDA CAUTELAR SOLICITADA.'),
    ('2025-10-08', 'NAO', false, false, true, 'NAO', false, false, 48, 'ACOMPANHAMENTO CONTINUO ESTABELECIDO.'),
    ('2025-10-07', 'SIM', true, false, false, 'SIM', true, false, 49, 'VIOLENCIA RECORRENTE DOCUMENTADA.'),
    ('2025-10-06', 'NAO', false, true, true, 'NAO', false, true, 50, 'CASO REABERTO POR NOVAS QUEIXAS.'),
    ('2025-10-05', 'SIM', false, false, true, 'SIM', true, true, 51, 'SITUACAO CONTROLADA COM INTERVENCAO.'),
    ('2025-10-04', 'NAO', true, false, false, 'NAO', false, false, 52, 'PSICOLOGO DESIGNADO AO CASO.'),
    ('2025-10-03', 'SIM', false, true, true, 'SIM', true, true, 53, 'RISCO DE RETALIACOES IDENTIFICADO.'),
    ('2025-10-02', 'NAO', false, false, true, 'NAO', false, false, 54, 'ENCAMINHAMENTO EDUCACIONAL REALIZADO.'),
    ('2025-10-01', 'SIM', true, false, false, 'SIM', true, false, 55, 'AGRESSOR SOB MONITORAMENTO.'),
    ('2025-09-30', 'NAO', false, true, true, 'NAO', false, true, 56, 'ABRIGO PARA FAMILIARES ACIONADO.'),
    ('2025-09-29', 'SIM', false, false, true, 'SIM', true, true, 57, 'VIOLENCIA PROGRESSIVA DOCUMENTADA.'),
    ('2025-09-28', 'NAO', true, false, false, 'NAO', false, false, 58, 'RECONCILIACAO NAO RECOMENDADA.'),
    ('2025-09-27', 'SIM', false, true, true, 'SIM', true, true, 59, 'FILHOS COM TRAUMA PSICOLOGICO.'),
    ('2025-09-26', 'NAO', false, false, true, 'NAO', false, false, 60, 'TRABALHO SOCIAL INTENSIFICADO.'),
    ('2025-09-25', 'SIM', true, false, false, 'SIM', true, false, 61, 'DENANCIA CRIMINAL FORMALIZADA.'),
    ('2025-09-24', 'NAO', false, true, true, 'NAO', false, true, 62, 'ASSISTIDA RECEBENDO BENEFICIO EMERGENCIAL.'),
    ('2025-09-23', 'SIM', false, false, true, 'SIM', true, true, 63, 'MONITORACAO ELETRONICA SOLICITADA.'),
    ('2025-09-22', 'NAO', true, false, false, 'NAO', false, false, 64, 'ACOMPANHAMENTO LEGAL CONTINUADO.'),
    ('2025-09-21', 'SIM', false, true, true, 'SIM', true, true, 65, 'VIOLENCIA INSTITUCIONAL DOCUMENTADA.'),
    ('2025-09-20', 'NAO', false, false, true, 'NAO', false, false, 66, 'ATENDIMENTO MULTIDISCIPLINAR ATIVO.'),
    ('2025-09-19', 'SIM', true, false, false, 'SIM', true, false, 67, 'AGRESSOR RETIRADO DO DOMICILIO.'),
    ('2025-09-18', 'NAO', false, true, true, 'NAO', false, true, 68, 'CRIANCAS EM GUARDA COMPARTILHADA.'),
    ('2025-09-17', 'SIM', false, false, true, 'SIM', true, true, 69, 'RENDA FAMILIAR CRITICA RESOLVIDA.'),
    ('2025-09-16', 'NAO', true, false, false, 'NAO', false, false, 70, 'ACOMPANHAMENTO PREVENTIVO INICIADO.'),
    ('2025-09-15', 'SIM', false, true, true, 'SIM', true, true, 71, 'VULNERABILIDADE SOCIAL REDUZIDA.'),
    ('2025-09-14', 'NAO', false, false, true, 'NAO', false, false, 72, 'APOIO FAMILIAR FORTALECIDO.'),
    ('2025-09-13', 'SIM', true, false, false, 'SIM', true, false, 73, 'AGRESSOR APRESENTA RISCO MODERADO.'),
    ('2025-09-12', 'NAO', false, true, true, 'NAO', false, true, 74, 'ASSISTIDA RETORNOU AO ABRIGO.'),
    ('2025-09-11', 'SIM', false, false, true, 'SIM', true, true, 75, 'PROCESSO JUDICIAL EM ANDAMENTO.'),
    ('2025-09-10', 'NAO', true, false, false, 'NAO', false, false, 76, 'ACOMPANHAMENTO REGULAR CONFIRMADO.'),
    ('2025-09-09', 'SIM', false, true, true, 'SIM', true, true, 77, 'ORIENTACAO SOBRE DIREITOS EFETIVADA.'),
    ('2025-09-08', 'NAO', false, false, true, 'NAO', false, false, 78, 'ROMPIMENTO COM AGRESSOR CONSOLIDADO.'),
    ('2025-09-07', 'SIM', true, false, false, 'SIM', true, false, 79, 'SITUACAO ESTAVEL E MONITORADA.'),
    ('2025-09-06', 'NAO', false, true, true, 'NAO', false, true, 80, 'CASE MANAGEMENT CONCLUIDO COM SUCESSO');

-- =====================================================
-- 6. INSERÇÃO DE AGRESSORES (80 tuplas)
-- =====================================================
INSERT INTO AGRESSOR (id_caso, id_assistida, Nome, Idade, Vinculo, doenca, medida_protetiva, suicidio, financeiro, arma_de_fogo)
VALUES 
    (1, 1, 'Carlos Alberto Santos', 40, 'MARIDO', '', false, false, true, false),
    (2, 2, 'Roberto Costa Silva', 32, 'COMPANHEIRO', 'DEPRESSAO', true, false, false, false),
    (3, 3, 'Marcos Oliveira', 45, 'MARIDO', 'TRANSTORNO DE PERSONALIDADE', true, true, true, true),
    (4, 4, 'João Paulo Ribeiro', 38, 'COMPANHEIRO', '', false, false, true, false),
    (5, 5, 'Pedro Ferreira Costa', 50, 'EX-MARIDO', '', false, false, false, false),
    (6, 6, 'Lucas Silva Santos', 35, 'MARIDO', 'ANSIEDADE', false, false, true, false),
    (7, 7, 'Fernando Costa Oliveira', 42, 'COMPANHEIRO', '', true, false, false, false),
    (8, 8, 'Antonio Ferreira Alves', 48, 'MARIDO', 'BIPOLARIDADE', true, true, true, true),
    (9, 9, 'Gustavo Silva Rocha', 39, 'EX-COMPANHEIRO', '', false, false, false, false),
    (10, 10, 'Diego Martins Pereira', 33, 'MARIDO', 'ALCOOLISMO', false, false, true, false),
    (11, 11, 'Rafael Gomes Costa', 44, 'COMPANHEIRO', '', true, false, false, true),
    (12, 12, 'Thiago Santos Souza', 36, 'MARIDO', 'TRANSTORNO MENTAL', false, true, true, false),
    (13, 13, 'Rodrigo Oliveira Silva', 41, 'EX-MARIDO', '', false, false, true, false),
    (14, 14, 'Fabio Costa Ferreira', 37, 'COMPANHEIRO', 'DEPRESSAO', true, false, true, true),
    (15, 15, 'Bruno Alves Pereira', 46, 'MARIDO', '', false, false, false, false),
    (16, 16, 'Eduardo Silva Gomes', 34, 'COMPANHEIRO', 'PSICOPATIA', true, true, true, true),
    (17, 17, 'Henrique Martins Costa', 52, 'EX-MARIDO', '', false, false, false, false),
    (18, 18, 'Leandro Santos Oliveira', 40, 'MARIDO', 'ALCOOLISMO', true, false, true, false),
    (19, 19, 'Matheus Ferreira Silva', 38, 'COMPANHEIRO', '', false, false, false, true),
    (20, 20, 'Paulo Rocha Alves', 43, 'MARIDO', 'TRANSTORNO DE HUMOR', false, true, true, false),
    (21, 21, 'Vitor Costa Souza', 35, 'EX-COMPANHEIRO', '', true, false, true, false),
    (22, 22, 'Ulisses Silva Pereira', 47, 'MARIDO', 'DEPENDENCIA QUIMICA', false, false, false, true),
    (23, 23, 'Cesar Oliveira Martins', 39, 'COMPANHEIRO', '', true, true, true, false),
    (24, 24, 'Danilo Gomes Costa', 36, 'MARIDO', 'AGRESSIVIDADE PATOLOGICA', false, false, false, false),
    (25, 25, 'Everton Ferreira Alves', 44, 'EX-MARIDO', '', false, false, true, true),
    (26, 26, 'Flavio Santos Silva', 41, 'COMPANHEIRO', 'TRANSTORNO OBSESSIVO', true, false, true, false),
    (27, 27, 'Gilberto Costa Oliveira', 50, 'MARIDO', '', false, true, false, false),
    (28, 28, 'Helio Martins Rocha', 37, 'EX-COMPANHEIRO', 'NARSISSISMO', true, false, true, true),
    (29, 29, 'Igor Silva Ferreira', 43, 'MARIDO', '', false, false, true, false),
    (30, 30, 'Julio Alves Souza', 38, 'COMPANHEIRO', 'ALCOOLISMO CRONICO', true, true, true, false),
    (31, 31, 'Kaio Martins Barbosa', 36, 'MARIDO', '', false, false, false, false),
    (32, 32, 'Lourival Gomes Costa', 52, 'COMPANHEIRO', 'DEPRESSAO', true, false, true, true),
    (33, 33, 'Marcelo Ferreira Silva', 41, 'EX-MARIDO', '', false, true, true, false),
    (34, 34, 'Nelio Costa Rocha', 39, 'MARIDO', 'TRANSTORNO DE PERSONALIDADE', false, false, false, false),
    (35, 35, 'Olegario Alves Santos', 45, 'COMPANHEIRO', '', true, false, true, true),
    (36, 36, 'Paulo Fernandes Oliveira', 38, 'MARIDO', 'ALCOOLISMO', false, true, true, false),
    (37, 37, 'Quincy Silva Barbosa', 44, 'EX-COMPANHEIRO', '', false, false, false, false),
    (38, 38, 'Ronaldo Martins Costa', 51, 'MARIDO', 'BIPOLARIDADE', true, false, true, true),
    (39, 39, 'Samuel Gomes Ferreira', 35, 'COMPANHEIRO', '', true, true, true, false),
    (40, 40, 'Tiago Rocha Silva', 48, 'EX-MARIDO', 'ANSIEDADE', false, false, false, false),
    (41, 41, 'Ubiratan Costa Alves', 42, 'MARIDO', '', false, false, true, true),
    (42, 42, 'Vanderlei Ferreira Santos', 37, 'COMPANHEIRO', 'DEPRESSAO', true, false, false, false),
    (43, 43, 'Wagner Oliveira Silva', 46, 'EX-MARIDO', '', true, true, true, true),
    (44, 44, 'Xandro Barbosa Costa', 33, 'MARIDO', 'TRANSTORNO MENTAL', false, false, true, false),
    (45, 45, 'Yuri Silva Gomes', 39, 'COMPANHEIRO', '', false, false, false, false),
    (46, 46, 'Zetho Alves Rocha', 55, 'EX-MARIDO', 'ALCOOLISMO', true, false, true, true),
    (47, 47, 'Ailton Costa Ferreira', 40, 'MARIDO', '', false, true, true, false),
    (48, 48, 'Beltrano Martins Silva', 36, 'COMPANHEIRO', 'PSICOPATIA', true, false, false, false),
    (49, 49, 'Cristovao Gomes Alves', 43, 'EX-MARIDO', '', false, false, true, true),
    (50, 50, 'Demetrio Ferreira Costa', 38, 'MARIDO', 'DEPRESSAO', false, true, true, false),
    (51, 51, 'Evaristo Silva Barbosa', 47, 'COMPANHEIRO', '', true, false, false, false),
    (52, 52, 'Feliciano Rocha Oliveira', 42, 'EX-MARIDO', 'TRANSTORNO DE PERSONALIDADE', true, false, true, true),
    (53, 53, 'Getulio Costa Santos', 35, 'MARIDO', '', false, true, true, false),
    (54, 54, 'Heitor Alves Martins', 50, 'COMPANHEIRO', 'ALCOOLISMO', false, false, false, false),
    (55, 55, 'Isidoro Ferreira Silva', 44, 'EX-MARIDO', '', true, false, true, true),
    (56, 56, 'Januario Gomes Costa', 39, 'MARIDO', 'ANSIEDADE', false, true, true, false),
    (57, 57, 'Kunisada Silva Rocha', 48, 'COMPANHEIRO', '', false, false, false, false),
    (58, 58, 'Leopoldo Barbosa Alves', 36, 'EX-MARIDO', 'BIPOLARIDADE', true, false, true, true),
    (59, 59, 'Macario Costa Ferreira', 41, 'MARIDO', '', true, true, true, false),
    (60, 60, 'Norberto Martins Silva', 46, 'COMPANHEIRO', 'DEPRESSAO', false, false, false, false),
    (61, 61, 'Otoniel Alves Gomes', 43, 'EX-MARIDO', '', false, false, true, true),
    (62, 62, 'Policarpo Silva Rocha', 38, 'MARIDO', 'TRANSTORNO MENTAL', true, true, true, false),
    (63, 63, 'Quintino Costa Oliveira', 45, 'COMPANHEIRO', '', false, false, false, false),
    (64, 64, 'Rosalvo Ferreira Barbosa', 52, 'EX-MARIDO', 'ALCOOLISMO', true, false, true, true),
    (65, 65, 'Silas Gomes Alves', 37, 'MARIDO', '', true, true, true, false),
    (66, 66, 'Teodoro Martins Costa', 44, 'COMPANHEIRO', 'PSICOPATIA', false, false, false, false),
    (67, 67, 'Umberto Silva Santos', 39, 'EX-MARIDO', '', false, false, true, true),
    (68, 68, 'Valdemar Rocha Ferreira', 48, 'MARIDO', 'DEPRESSAO', true, false, true, false),
    (69, 69, 'Wenceslau Costa Alves', 35, 'COMPANHEIRO', '', true, true, true, true),
    (70, 70, 'Xisto Barbosa Silva', 50, 'EX-MARIDO', 'TRANSTORNO DE PERSONALIDADE', false, false, false, false),
    (71, 71, 'Yclaro Alves Gomes', 41, 'MARIDO', '', false, false, true, true),
    (72, 72, 'Zacarias Martins Costa', 36, 'COMPANHEIRO', 'ALCOOLISMO', true, false, true, false),
    (73, 73, 'Ambrosio Silva Rocha', 43, 'EX-MARIDO', '', false, true, true, true),
    (74, 74, 'Benedito Ferreira Alves', 45, 'MARIDO', 'ANSIEDADE', true, false, false, false),
    (75, 75, 'Cândido Costa Oliveira', 39, 'COMPANHEIRO', '', false, false, true, true),
    (76, 76, 'Donato Barbosa Silva', 52, 'EX-MARIDO', 'BIPOLARIDADE', true, true, true, false),
    (77, 77, 'Emiliano Alves Gomes', 38, 'MARIDO', '', false, false, false, false),
    (78, 78, 'Fabiano Martins Costa', 44, 'COMPANHEIRO', 'DEPRESSAO', false, false, true, true),
    (79, 79, 'Galdino Silva Rocha', 40, 'EX-MARIDO', '', true, true, true, false),
    (80, 80, 'Horacio Ferreira Santos', 47, 'MARIDO', 'TRANSTORNO MENTAL', false, false, false, false);

-- =====================================================
-- 7. INSERÇÃO DE SUBSTÂNCIAS CONSUMIDAS PELO AGRESSOR (30 tuplas)
-- =====================================================
INSERT INTO SUBSTANCIAS_AGRESSOR (id_caso, id_assistida, id_agressor, tipo_substancia)
VALUES 
    (1, 1, 1, 'SIM, DE ALCOOL'),
    (2, 2, 2, 'SIM, DE ALCOOL'),
    (3, 3, 3, 'SIM, DE DROGAS'),
    (4, 4, 4, 'SIM, DE DROGAS'),
    (5, 5, 5, 'SIM, DE ALCOOL'),
    (6, 6, 6, 'SIM, DE DROGAS'),
    (7, 7, 7, 'SIM, DE ALCOOL'),
    (8, 8, 8, 'SIM, DE DROGAS'),
    (9, 9, 9, 'SIM, DE DROGAS'),
    (10, 10, 10, 'SIM, DE ALCOOL'),
    (11, 11, 11, 'NAO'),
    (12, 12, 12, 'SIM, DE ALCOOL'),
    (13, 13, 13, 'SIM, DE DROGAS'),
    (14, 14, 14, 'SIM, DE DROGAS'),
    (15, 15, 15, 'SIM, DE ALCOOL'),
    (16, 16, 16, 'SIM, DE DROGAS'),
    (17, 17, 17, 'SIM, DE ALCOOL'),
    (18, 18, 18, 'SIM, DE ALCOOL'),
    (19, 19, 19, 'NAO'),
    (20, 20, 20, 'SIM, DE ALCOOL'),
    (21, 21, 21, 'SIM, DE DROGAS'),
    (22, 22, 22, 'SIM, DE ALCOOL'),
    (23, 23, 23, 'SIM, DE DROGAS'),
    (24, 24, 24, 'NAO'),
    (25, 25, 25, 'SIM, DE ALCOOL'),
    (26, 26, 26, 'SIM, DE DROGAS'),
    (27, 27, 27, 'SIM, DE DROGAS'),
    (28, 28, 28, 'SIM, DE ALCOOL'),
    (29, 29, 29, 'SIM, DE ALCOOL'),
    (30, 30, 30, 'NAO'),
    (31, 31, 31, 'SIM, DE ALCOOL'),
    (32, 32, 32, 'SIM, DE ALCOOL'),
    (33, 33, 33, 'SIM, DE DROGAS'),
    (34, 34, 34, 'SIM, DE DROGAS'),
    (35, 35, 35, 'SIM, DE ALCOOL'),
    (36, 36, 36, 'SIM, DE DROGAS'),
    (37, 37, 37, 'SIM, DE ALCOOL'),
    (38, 38, 38, 'SIM, DE DROGAS'),
    (39, 39, 39, 'SIM, DE DROGAS'),
    (40, 40, 40, 'SIM, DE ALCOOL'),
    (41, 41, 41, 'NAO'),
    (42, 42, 42, 'SIM, DE ALCOOL'),
    (43, 43, 43, 'SIM, DE DROGAS'),
    (44, 44, 44, 'SIM, DE DROGAS'),
    (45, 45, 45, 'SIM, DE ALCOOL'),
    (46, 46, 46, 'SIM, DE DROGAS'),
    (47, 47, 47, 'SIM, DE ALCOOL'),
    (48, 48, 48, 'SIM, DE ALCOOL'),
    (49, 49, 49, 'NAO'),
    (50, 50, 50, 'SIM, DE ALCOOL'),
    (51, 51, 51, 'SIM, DE DROGAS'),
    (52, 52, 52, 'SIM, DE ALCOOL'),
    (53, 53, 53, 'SIM, DE DROGAS'),
    (54, 54, 54, 'NAO'),
    (55, 55, 55, 'SIM, DE ALCOOL'),
    (56, 56, 56, 'SIM, DE DROGAS'),
    (57, 57, 57, 'SIM, DE DROGAS'),
    (58, 58, 58, 'SIM, DE ALCOOL'),
    (59, 59, 59, 'SIM, DE ALCOOL'),
    (60, 60, 60, 'NAO'),
    (61, 61, 61, 'SIM, DE ALCOOL'),
    (62, 62, 62, 'SIM, DE ALCOOL'),
    (63, 63, 63, 'SIM, DE DROGAS'),
    (64, 64, 64, 'SIM, DE DROGAS'),
    (65, 65, 65, 'SIM, DE ALCOOL'),
    (66, 66, 66, 'SIM, DE DROGAS'),
    (67, 67, 67, 'SIM, DE ALCOOL'),
    (68, 68, 68, 'SIM, DE DROGAS'),
    (69, 69, 69, 'SIM, DE DROGAS'),
    (70, 70, 70, 'SIM, DE ALCOOL'),
    (71, 71, 71, 'NAO'),
    (72, 72, 72, 'SIM, DE ALCOOL'),
    (73, 73, 73, 'SIM, DE DROGAS'),
    (74, 74, 74, 'SIM, DE DROGAS'),
    (75, 75, 75, 'SIM, DE ALCOOL'),
    (76, 76, 76, 'SIM, DE DROGAS'),
    (77, 77, 77, 'SIM, DE ALCOOL'),
    (78, 78, 78, 'SIM, DE ALCOOL'),
    (79, 79, 79, 'NAO'),
    (80, 80, 80, 'SIM, DE ALCOOL'),
    (81, 81, 81, 'SIM, DE DROGAS'),
    (82, 81, 82, 'SIM, DE ALCOOL'),
    (83, 81, 83, 'SIM, DE DROGAS'),
    (84, 81, 84, 'NAO'),
    (85, 82, 85, 'SIM, DE ALCOOL'),
    (86, 82, 86, 'NAO SEI'),
    (87, 82, 87, 'SIM, DE DROGAS'),
    (88, 83, 88, 'SIM, DE ALCOOL'),
    (89, 83, 89, 'SIM, DE ALCOOL'),
    (90, 83, 90, 'NAO');

-- =====================================================
-- 8. INSERÇÃO DE AMEAÇAS DO AGRESSOR (80+ tuplas)
-- =====================================================
INSERT INTO AMEACA_AGRESSOR (id_caso, id_assistida, id_agressor, alvo_ameaca)
VALUES 
    (1, 1, 1, 'A_VITIMA'), (1, 1, 1, 'FILHOS'),
    (2, 2, 2, 'A_VITIMA'),
    (3, 3, 3, 'A_VITIMA'), (3, 3, 3, 'FILHOS'), (3, 3, 3, 'FAMILIARES'),
    (4, 4, 4, 'A_VITIMA'), (4, 4, 4, 'ANIMAIS'),
    (5, 5, 5, 'FILHOS'),
    (6, 6, 6, 'A_VITIMA'), (6, 6, 6, 'FAMILIARES'),
    (7, 7, 7, 'FILHOS'),
    (8, 8, 8, 'A_VITIMA'), (8, 8, 8, 'OUTRAS_PESSOAS'),
    (9, 9, 9, 'A_VITIMA'), (9, 9, 9, 'ANIMAIS'),
    (10, 10, 10, 'FILHOS'), (10, 10, 10, 'FAMILIARES'),
    (11, 11, 11, 'A_VITIMA'),
    (12, 12, 12, 'FILHOS'), (12, 12, 12, 'NAO_SEI'),
    (13, 13, 13, 'A_VITIMA'), (13, 13, 13, 'OUTRAS_PESSOAS'),
    (14, 14, 14, 'FAMILIARES'), (14, 14, 14, 'ANIMAIS'),
    (15, 15, 15, 'A_VITIMA'),
    (16, 16, 16, 'FILHOS'), (16, 16, 16, 'OUTRAS_PESSOAS'),
    (17, 17, 17, 'A_VITIMA'), (17, 17, 17, 'NAO_SEI'),
    (18, 18, 18, 'FILHOS'), (18, 18, 18, 'FAMILIARES'),
    (19, 19, 19, 'A_VITIMA'), (19, 19, 19, 'ANIMAIS'),
    (20, 20, 20, 'OUTRAS_PESSOAS'),
    (21, 21, 21, 'A_VITIMA'), (21, 21, 21, 'FILHOS'),
    (22, 22, 22, 'FAMILIARES'), (22, 22, 22, 'NAO_SEI'),
    (23, 23, 23, 'A_VITIMA'), (23, 23, 23, 'OUTRAS_PESSOAS'),
    (24, 24, 24, 'FILHOS'), (24, 24, 24, 'ANIMAIS'),
    (25, 25, 25, 'A_VITIMA'),
    (26, 26, 26, 'FAMILIARES'),
    (27, 27, 27, 'A_VITIMA'), (27, 27, 27, 'OUTRAS_PESSOAS'),
    (28, 28, 28, 'FILHOS'), (28, 28, 28, 'NAO_SEI'),
    (29, 29, 29, 'A_VITIMA'), (29, 29, 29, 'FAMILIARES'),
    (30, 30, 30, 'OUTRAS_PESSOAS'), (30, 30, 30, 'ANIMAIS'),
    (31, 31, 31, 'A_VITIMA'), (31, 31, 31, 'FILHOS'),
    (32, 32, 32, 'A_VITIMA'), (32, 32, 32, 'NAO_SEI'),
    (33, 33, 33, 'FAMILIARES'), (33, 33, 33, 'OUTRAS_PESSOAS'),
    (34, 34, 34, 'FILHOS'), (34, 34, 34, 'ANIMAIS'),
    (35, 35, 35, 'A_VITIMA'), (35, 35, 35, 'OUTRAS_PESSOAS'),
    (36, 36, 36, 'FAMILIARES'),
    (37, 37, 37, 'A_VITIMA'), (37, 37, 37, 'NAO_SEI'),
    (38, 38, 38, 'FILHOS'), (38, 38, 38, 'FAMILIARES'),
    (39, 39, 39, 'A_VITIMA'), (39, 39, 39, 'OUTRAS_PESSOAS'),
    (40, 40, 40, 'OUTRAS_PESSOAS'), (40, 40, 40, 'ANIMAIS'),
    (41, 41, 41, 'A_VITIMA'),
    (42, 42, 42, 'FAMILIARES'), (42, 42, 42, 'FILHOS'),
    (43, 43, 43, 'A_VITIMA'), (43, 43, 43, 'FAMILIARES'),
    (44, 44, 44, 'OUTRAS_PESSOAS'), (44, 44, 44, 'NAO_SEI'),
    (45, 45, 45, 'A_VITIMA'), (45, 45, 45, 'FILHOS'),
    (46, 46, 46, 'OUTRAS_PESSOAS'), (46, 46, 46, 'ANIMAIS'),
    (47, 47, 47, 'A_VITIMA'), (47, 47, 47, 'FAMILIARES'),
    (48, 48, 48, 'FAMILIARES'),
    (49, 49, 49, 'FILHOS'), (49, 49, 49, 'NAO_SEI'),
    (50, 50, 50, 'A_VITIMA'), (50, 50, 50, 'OUTRAS_PESSOAS'),
    (51, 51, 51, 'FAMILIARES'), (51, 51, 51, 'ANIMAIS'),
    (52, 52, 52, 'A_VITIMA'), (52, 52, 52, 'FILHOS'), (52, 52, 52, 'OUTRAS_PESSOAS'),
    (53, 53, 53, 'A_VITIMA'), (53, 53, 53, 'NAO_SEI'),
    (54, 54, 54, 'FAMILIARES'),
    (55, 55, 55, 'OUTRAS_PESSOAS'), (55, 55, 55, 'ANIMAIS'),
    (56, 56, 56, 'A_VITIMA'), (56, 56, 56, 'FILHOS'),
    (57, 57, 57, 'FAMILIARES'), (57, 57, 57, 'NAO_SEI'),
    (58, 58, 58, 'A_VITIMA'), (58, 58, 58, 'OUTRAS_PESSOAS'),
    (59, 59, 59, 'FAMILIARES'), (59, 59, 59, 'ANIMAIS'),
    (60, 60, 60, 'FILHOS'),
    (61, 61, 61, 'A_VITIMA'), (61, 61, 61, 'OUTRAS_PESSOAS'),
    (62, 62, 62, 'FAMILIARES'), (62, 62, 62, 'NAO_SEI'),
    (63, 63, 63, 'A_VITIMA'), (63, 63, 63, 'FILHOS'),
    (64, 64, 64, 'FAMILIARES'), (64, 64, 64, 'ANIMAIS'),
    (65, 65, 65, 'OUTRAS_PESSOAS'),
    (66, 66, 66, 'A_VITIMA'), (66, 66, 66, 'NAO_SEI'),
    (67, 67, 67, 'FAMILIARES'), (67, 67, 67, 'OUTRAS_PESSOAS'),
    (68, 68, 68, 'FILHOS'), (68, 68, 68, 'ANIMAIS'),
    (69, 69, 69, 'A_VITIMA'), (69, 69, 69, 'FAMILIARES'),
    (70, 70, 70, 'OUTRAS_PESSOAS'), (70, 70, 70, 'NAO_SEI'),
    (71, 71, 71, 'A_VITIMA'), (71, 71, 71, 'FILHOS'),
    (72, 72, 72, 'FAMILIARES'),
    (73, 73, 73, 'A_VITIMA'), (73, 73, 73, 'OUTRAS_PESSOAS'),
    (74, 74, 74, 'FAMILIARES'), (74, 74, 74, 'ANIMAIS'),
    (75, 75, 75, 'FILHOS'), (75, 75, 75, 'NAO_SEI'),
    (76, 76, 76, 'A_VITIMA'), (76, 76, 76, 'OUTRAS_PESSOAS'),
    (77, 77, 77, 'FAMILIARES'),
    (78, 78, 78, 'A_VITIMA'), (78, 78, 78, 'FILHOS'),
    (79, 79, 79, 'FAMILIARES'), (79, 79, 79, 'ANIMAIS'),
    (80, 80, 80, 'OUTRAS_PESSOAS'), (80, 80, 80, 'NAO_SEI'),
    (81, 81, 81, 'A_VITIMA'), (81, 81, 81, 'FILHOS'),
    (82, 81, 82, 'FAMILIARES'), (82, 81, 82, 'ANIMAIS'),
    (83, 81, 83, 'A_VITIMA'), (83, 81, 83, 'OUTRAS_PESSOAS'),
    (84, 81, 84, 'FAMILIARES'), (84, 81, 84, 'NAO_SEI'),
    (85, 82, 85, 'FILHOS'),
    (86, 82, 86, 'A_VITIMA'), (86, 82, 86, 'OUTRAS_PESSOAS'),
    (87, 82, 87, 'FAMILIARES'), (87, 82, 87, 'ANIMAIS'),
    (88, 83, 88, 'A_VITIMA'), (88, 83, 88, 'FILHOS'),
    (89, 83, 89, 'FAMILIARES'), (89, 83, 89, 'NAO_SEI'),
    (90, 83, 90, 'OUTRAS_PESSOAS'), (90, 83, 90, 'ANIMAIS');

-- =====================================================
-- 9. INSERÇÃO DE VIOLÊNCIA (30 tuplas)
-- =====================================================
INSERT INTO VIOLENCIA (id_caso, id_assistida, estupro, data_ocorrencia)
VALUES 
    (1, 1, false, '2025-11-20'),
    (2, 2, false, '2025-11-18'),
    (3, 3, true, '2025-11-15'),
    (4, 4, false, '2025-11-22'),
    (5, 5, false, '2025-11-10'),
    (6, 6, false, '2025-11-19'),
    (7, 7, false, '2025-11-17'),
    (8, 8, true, '2025-11-16'),
    (9, 9, false, '2025-11-21'),
    (10, 10, false, '2025-11-14'),
    (11, 11, false, '2025-11-12'),
    (12, 12, true, '2025-11-11'),
    (13, 13, false, '2025-11-23'),
    (14, 14, false, '2025-11-09'),
    (15, 15, false, '2025-11-08'),
    (16, 16, true, '2025-11-24'),
    (17, 17, false, '2025-11-07'),
    (18, 18, false, '2025-11-25'),
    (19, 19, true, '2025-11-06'),
    (20, 20, false, '2025-11-05'),
    (21, 21, false, '2025-11-04'),
    (22, 22, false, '2025-11-03'),
    (23, 23, true, '2025-11-02'),
    (24, 24, false, '2025-11-01'),
    (25, 25, false, '2025-10-31'),
    (26, 26, true, '2025-10-30'),
    (27, 27, false, '2025-10-29'),
    (28, 28, false, '2025-10-28'),
    (29, 29, true, '2025-10-27'),
    (30, 30, false, '2025-10-26');


-- =====================================================
-- 12. INSERÇÃO DE AGRESSÕES FÍSICAS NA VIOLÊNCIA (30 tuplas)
-- =====================================================
INSERT INTO AGRESSAO_VIOLENCIA (id_violencia, id_caso, id_assistida, tipo_agressao)
VALUES 
    (3, 3, 3, 'SOCOS'),
    (3, 3, 3, 'CHUTES'),
    (3, 3, 3, 'ENFORCAMENTO'),
    (3, 3, 3, 'QUEIMADURAS'),
    (4, 4, 4, 'SOCOS'),
    (4, 4, 4, 'EMPURROES'),
    (4, 4, 4, 'TABEFES'),
    (8, 8, 8, 'SOCOS'),
    (8, 8, 8, 'CHUTES'),
    (12, 12, 12, 'ENFORCAMENTO'),
    (14, 14, 14, 'SOCOS'),
    (14, 14, 14, 'TABEFES'),
    (16, 16, 16, 'CHUTES'),
    (16, 16, 16, 'EMPURROES'),
    (16, 16, 16, 'QUEIMADURAS'),
    (19, 19, 19, 'SOCOS'),
    (19, 19, 19, 'CHUTES'),
    (19, 19, 19, 'ENFORCAMENTO'),
    (23, 23, 23, 'TABEFES'),
    (23, 23, 23, 'EMPURROES'),
    (26, 26, 26, 'SOCOS'),
    (26, 26, 26, 'QUEIMADURAS'),
    (28, 28, 28, 'CHUTES'),
    (28, 28, 28, 'ENFORCAMENTO'),
    (29, 29, 29, 'SOCOS'),
    (29, 29, 29, 'TABEFES'),
    (29, 29, 29, 'EMPURROES'),
    (30, 30, 30, 'CHUTES'),
    (2, 2, 2, 'TABEFES'),
    (5, 5, 5, 'EMPURROES');

-- =====================================================
-- 13. INSERÇÃO DE ANEXOS (30 tuplas - Documentos)
-- =====================================================
-- Nota: Os dados binários (documents) são NULL neste exemplo
-- Em produção, estes seriam preenchidos com dados reais
INSERT INTO ANEXO (id_caso, id_assistida, nome, tipo, dados)
VALUES 
    (1, 1, 'BOLETIM DE OCORRENCIA', 'APPLICATION/PDF', NULL),
    (1, 1, 'ATESTADO MEDICO', 'APPLICATION/PDF', NULL),
    (2, 2, 'RELATO INICIAL', 'TEXT/PLAIN', NULL),
    (3, 3, 'LAUDO PERICIAL', 'APPLICATION/PDF', NULL),
    (3, 3, 'FOTOGRAFIA DE LESOES', 'IMAGE/JPEG', NULL),
    (4, 4, 'RELATORIO PSICOLOGICO', 'APPLICATION/PDF', NULL),
    (5, 5, 'HISTORICO DE AMEACAS', 'TEXT/PLAIN', NULL),
    (6, 6, 'DOCUMENTO DE IDENTIDADE', 'IMAGE/PDF', NULL),
    (7, 7, 'COMPROVANTE DE ENDERECO', 'APPLICATION/PDF', NULL),
    (8, 8, 'PARECER TECNICO', 'APPLICATION/PDF', NULL),
    (9, 9, 'FOTOGRAFIAS DE LESOES', 'IMAGE/JPEG', NULL),
    (10, 10, 'PARECER SOCIAL', 'APPLICATION/PDF', NULL),
    (11, 11, 'RELATORIO FINAL', 'APPLICATION/PDF', NULL),
    (12, 12, 'EXAME TOXICOLOGICO', 'APPLICATION/PDF', NULL),
    (13, 13, 'DOCUMENTO DE RENDA', 'APPLICATION/PDF', NULL),
    (14, 14, 'TERMO DE ACOMPANHAMENTO', 'TEXT/PLAIN', NULL),
    (15, 15, 'COMPROVANTE DE CONSULTA', 'APPLICATION/PDF', NULL),
    (16, 16, 'LAUDO MEDICO FORENSE', 'APPLICATION/PDF', NULL),
    (17, 17, 'PEDIDO DE MEDIDA PROTETIVA', 'APPLICATION/PDF', NULL),
    (18, 18, 'RELATORIO DE RISCO', 'APPLICATION/PDF', NULL),
    (19, 19, 'PARECER PSICOLOGICO', 'APPLICATION/PDF', NULL),
    (20, 20, 'DOCUMENTO ESCOLAR', 'APPLICATION/PDF', NULL),
    (21, 21, 'HISTORICO CRIMINAL', 'TEXT/PLAIN', NULL),
    (22, 22, 'CERTIFICADO DE CONSULTA', 'APPLICATION/PDF', NULL),
    (23, 23, 'REGISTRO DE HOSPITALIZACAO', 'APPLICATION/PDF', NULL),
    (24, 24, 'PARECER JURIDICO', 'APPLICATION/PDF', NULL),
    (25, 25, 'RELATORIO SOCIOECONOMICO', 'APPLICATION/PDF', NULL),
    (26, 26, 'LAUDO DE LESOES CORPORAIS', 'APPLICATION/PDF', NULL),
    (27, 27, 'COMUNICADO POLICIAL', 'TEXT/PLAIN', NULL),
    (28, 28, 'AVALIACAO DE RISCO', 'APPLICATION/PDF', NULL),
    (29, 29, 'PARECER MULTIDISCIPLINAR', 'APPLICATION/PDF', NULL),
    (30, 30, 'TERMO DE RESPONSABILIDADE', 'APPLICATION/PDF', NULL);


-- =====================================================
-- BLOCO DE NOVAS ADIÇÕES - ASSISTIDAS 81-90 COM MÚLTIPLOS CASOS
-- =====================================================
-- Este bloco contém as 10 novas assistidas e seus múltiplos casos
-- Para facilitar adição ao banco de dados já existente

-- =====================================================
-- INSERÇÃO DE 10 NOVAS ASSISTIDAS (81-90)
-- =====================================================
INSERT INTO ASSISTIDA (Nome, Idade, endereco, identidadeGenero, n_social, Escolaridade, Religiao, Nacionalidade, zona, ocupacao, cad_social, Dependentes, Cor_Raca, deficiencia, limitacao)
VALUES 
    ('Samara Gomes Dias', 37, 'SERRAGEM', 'MULHER CISGENERO', 'NIS081', 'ENSINO MEDIO COMPLETO', 'CATOLICA', 'BRASILEIRA', 'URBANA', 'TELEFONISTA', 'CAD081', 2, 'PARDA', 'NAO INFORMADO', 'NAO INFORMADO'),
    ('Thalia Silva Costa', 29, 'OCARA', 'MULHER CISGENERO', 'NIS082', 'ENSINO SUPERIOR COMPLETO', 'EVANGELICA', 'BRASILEIRA', 'URBANA', 'ARQUITETA', 'CAD082', 1, 'BRANCA', 'NAO INFORMADO', 'NAO INFORMADO'),
    ('Ursula Martins Alves', 43, 'SERENO', 'MULHER CISGENERO', 'NIS083', 'ENSINO FUNDAMENTAL COMPLETO', 'ESPIRITA', 'BRASILEIRA', 'URBANA', 'SERVICOS GERAIS', 'CAD083', 3, 'NEGRA', 'ASMA', 'ASMA'),
    ('Vanessa Costa Rocha', 31, 'JUAZEIRO', 'MULHER CISGENERO', 'NIS084', 'ENSINO MEDIO COMPLETO', 'CATOLICA', 'BRASILEIRA', 'URBANA', 'SEGURANCA', 'CAD084', 2, 'PARDA', 'NAO INFORMADO', 'NAO INFORMADO'),
    ('Wagner Silva Santos', 52, 'BAIXA GRANDE', 'MULHER CISGENERO', 'NIS085', 'ENSINO FUNDAMENTAL INCOMPLETO', 'EVANGELICA', 'BRASILEIRA', 'URBANA', 'APOSENTADA', 'CAD085', 4, 'NEGRA', 'ARTRITE', 'ARTRITE'),
    ('Ximena Pereira Gomes', 28, 'FURNAS', 'MULHER CISGENERO', 'NIS086', 'ENSINO SUPERIOR COMPLETO', 'CATOLICA', 'BRASILEIRA', 'URBANA', 'ENGENHEIRA', 'CAD086', 1, 'BRANCA', 'NAO INFORMADO', 'NAO INFORMADO'),
    ('Yasmin Oliveira Santos', 40, 'SERRAGEM', 'MULHER CISGENERO', 'NIS087', 'ENSINO MEDIO COMPLETO', 'ESPIRITA', 'BRASILEIRA', 'URBANA', 'ASSISTENTE SOCIAL', 'CAD087', 3, 'PARDA', 'NAO INFORMADO', 'NAO INFORMADO'),
    ('Zenaide Ferreira Costa', 34, 'OCARA', 'MULHER CISGENERO', 'NIS088', 'ENSINO FUNDAMENTAL COMPLETO', 'EVANGELICA', 'BRASILEIRA', 'URBANA', 'COZINHEIRA', 'CAD088', 2, 'NEGRA', 'DIABETES', 'DIABETES'),
    ('Adelaide Martins Silva', 47, 'SERENO', 'MULHER CISGENERO', 'NIS089', 'ENSINO MEDIO INCOMPLETO', 'CATOLICA', 'BRASILEIRA', 'URBANA', 'LAVANDERIA', 'CAD089', 3, 'PARDA', 'NAO INFORMADO', 'NAO INFORMADO'),
    ('Bernadete Costa Alves', 39, 'JUAZEIRO', 'MULHER CISGENERO', 'NIS090', 'ENSINO SUPERIOR INCOMPLETO', 'EVANGELICA', 'BRASILEIRA', 'URBANA', 'COORDENADORA', 'CAD090', 2, 'BRANCA', 'NAO INFORMADO', 'NAO INFORMADO');

-- =====================================================
-- INSERÇÃO DE MÚLTIPLOS CASOS PARA ASSISTIDAS 81-90 (33 casos adicionais)
-- =====================================================
INSERT INTO CASO (Data, separacao, novo_relac, abrigo, depen_finc, mora_risco, medida, frequencia, id_assistida, outras_informacoes)
VALUES 
    ('2025-11-26', 'SIM', true, false, false, 'SIM', true, false, 81, 'PRIMEIRO CASO - VIOLENCIA INICIAL DOCUMENTADA.'),
    ('2025-11-26', 'NAO', false, true, true, 'NAO', false, true, 81, 'SEGUNDO CASO - REINCIDENCIA POS SEPARACAO.'),
    ('2025-11-26', 'SIM', false, false, true, 'SIM', true, true, 81, 'TERCEIRO CASO - SITUACAO REABERTA.'),
    ('2025-11-26', 'NAO', true, false, false, 'NAO', false, false, 81, 'QUARTO CASO - NOVO RELACIONAMENTO VIOLENTO.'),
    ('2025-11-26', 'SIM', false, true, true, 'SIM', true, true, 82, 'PRIMEIRO CASO - AGRESSAO PSICOLOGICA.'),
    ('2025-11-26', 'NAO', false, false, true, 'NAO', false, false, 82, 'SEGUNDO CASO - ACOMPANHAMENTO CONTINUO.'),
    ('2025-11-26', 'SIM', true, false, false, 'SIM', true, false, 82, 'TERCEIRO CASO - VIOLENCIA FISICA.'),
    ('2025-11-26', 'NAO', false, true, true, 'NAO', false, true, 83, 'PRIMEIRO CASO - DENUNDA FORMALIZADA.'),
    ('2025-11-26', 'SIM', false, false, true, 'SIM', true, true, 83, 'SEGUNDO CASO - MEDIDA PROTETIVA VIGENTE.'),
    ('2025-11-26', 'NAO', true, false, false, 'NAO', false, false, 83, 'TERCEIRO CASO - ROMPIMENTO COM AGRESSOR.'),
    ('2025-11-26', 'SIM', false, true, true, 'SIM', true, true, 84, 'PRIMEIRO CASO - VIOLENCIA CONTRA FILHOS.'),
    ('2025-11-26', 'NAO', false, false, true, 'NAO', false, false, 84, 'SEGUNDO CASO - ABRIGAMENTO TEMPORARIO.'),
    ('2025-11-26', 'SIM', true, false, false, 'SIM', true, false, 84, 'TERCEIRO CASO - RETORNO AO DOMICILIO.'),
    ('2025-11-26', 'NAO', false, true, true, 'NAO', false, true, 85, 'PRIMEIRO CASO - SITUACAO CRITICA.'),
    ('2025-11-26', 'SIM', false, false, true, 'SIM', true, true, 85, 'SEGUNDO CASO - INTERVENCAO MULTIDISCIPLINAR.'),
    ('2025-11-26', 'NAO', true, false, false, 'NAO', false, false, 85, 'TERCEIRO CASO - ESTABILIDADE ALCANCADA.'),
    ('2025-11-26', 'SIM', false, true, true, 'SIM', true, true, 86, 'PRIMEIRO CASO - VIOLENCIA ECONOMICA.'),
    ('2025-11-26', 'NAO', false, false, true, 'NAO', false, false, 86, 'SEGUNDO CASO - INDEPENDENCIA FINANCEIRA.'),
    ('2025-11-26', 'SIM', true, false, false, 'SIM', true, false, 86, 'TERCEIRO CASO - NOVA AMEACA.'),
    ('2025-11-26', 'NAO', false, true, true, 'NAO', false, true, 87, 'PRIMEIRO CASO - ABUSOS REPETITIVOS.'),
    ('2025-11-26', 'SIM', false, false, true, 'SIM', true, true, 87, 'SEGUNDO CASO - PROTECAO DE MENORES.'),
    ('2025-11-26', 'NAO', true, false, false, 'NAO', false, false, 87, 'TERCEIRO CASO - ENCERRAMENTO COM SUCESSO.'),
    ('2025-11-26', 'SIM', false, true, true, 'SIM', true, true, 88, 'PRIMEIRO CASO - DENANCIA CRIMINAL.'),
    ('2025-11-26', 'NAO', false, false, true, 'NAO', false, false, 88, 'SEGUNDO CASO - AGUARDANDO JULGAMENTO.'),
    ('2025-11-26', 'SIM', true, false, false, 'SIM', true, false, 88, 'TERCEIRO CASO - RECONCILIACAO FRACASSADA.'),
    ('2025-11-26', 'NAO', false, true, true, 'NAO', false, true, 89, 'PRIMEIRO CASO - RISCO IMINENTE.'),
    ('2025-11-26', 'SIM', false, false, true, 'SIM', true, true, 89, 'SEGUNDO CASO - ABRIGAMENTO PROLONGADO.'),
    ('2025-11-26', 'NAO', true, false, false, 'NAO', false, false, 89, 'TERCEIRO CASO - REINSERCAO SOCIAL.'),
    ('2025-11-26', 'SIM', false, true, true, 'SIM', true, true, 90, 'PRIMEIRO CASO - VIOLENCIA INTRAFAMILIAR.'),
    ('2025-11-26', 'NAO', false, false, true, 'NAO', false, false, 90, 'SEGUNDO CASO - ACOMPANHAMENTO PSICOLOGICO.'),
    ('2025-11-26', 'SIM', true, false, false, 'SIM', true, false, 90, 'TERCEIRO CASO - RETOMADA DE VIDA.'),
    ('2025-11-26', 'NAO', false, true, true, 'NAO', false, true, 81, 'QUINTO CASO - NOVA AMEACA.'),
    ('2025-11-26', 'SIM', false, false, true, 'SIM', true, true, 85, 'QUARTO CASO - MONITORAMENTO CONTINUO.');

-- =====================================================
-- INSERÇÃO DE AGRESSORES PARA ASSISTIDAS 81-90 (32 agressores adicionais - 1 por novo caso)
-- =====================================================
INSERT INTO AGRESSOR (id_caso, id_assistida, Nome, Idade, Vinculo, doenca, medida_protetiva, suicidio, financeiro, arma_de_fogo)
VALUES 
    (81, 81, 'Ivan Santos Barbosa', 44, 'COMPANHEIRO', '', false, false, true, false),
    (82, 81, 'Jacinto Martins Costa', 39, 'EX-MARIDO', 'ALCOOLISMO', true, false, true, true),
    (83, 81, 'Kleber Silva Rocha', 48, 'MARIDO', '', false, true, false, false),
    (84, 81, 'Leandro Costa Alves', 35, 'COMPANHEIRO', 'DEPRESSAO', false, false, true, false),
    (85, 82, 'Mauricio Gomes Silva', 50, 'EX-MARIDO', '', true, false, true, true),
    (86, 82, 'Nelcir Ferreira Martins', 41, 'MARIDO', 'ANSIEDADE', false, true, true, false),
    (87, 82, 'Odilon Silva Costa', 37, 'COMPANHEIRO', '', false, false, false, false),
    (88, 83, 'Percival Barbosa Alves', 46, 'EX-MARIDO', 'BIPOLARIDADE', true, false, true, true),
    (89, 83, 'Queremom Rocha Santos', 43, 'MARIDO', '', true, true, true, false),
    (90, 83, 'Raimundo Costa Gomes', 38, 'COMPANHEIRO', 'ALCOOLISMO', false, false, false, false),
    (91, 84, 'Sebastiao Silva Martins', 52, 'EX-MARIDO', '', false, false, true, true),
    (92, 84, 'Tertuliano Ferreira Costa', 39, 'MARIDO', 'TRANSTORNO DE PERSONALIDADE', true, false, true, false),
    (93, 84, 'Ulisses Gomes Rocha', 44, 'COMPANHEIRO', '', false, true, false, false),
    (94, 85, 'Venceslau Martins Silva', 48, 'EX-MARIDO', 'DEPRESSAO', true, false, true, true),
    (95, 85, 'Waldomiro Costa Alves', 42, 'MARIDO', '', false, false, true, false),
    (96, 85, 'Xico Silva Santos', 50, 'COMPANHEIRO', 'PSICOPATIA', true, true, true, false),
    (97, 86, 'Yuri Barbosa Martins', 37, 'EX-MARIDO', '', false, false, false, false),
    (98, 86, 'Zeferino Ferreira Costa', 45, 'MARIDO', 'ALCOOLISMO', false, false, true, true),
    (99, 86, 'Abelardo Gomes Alves', 40, 'COMPANHEIRO', '', true, false, true, false),
    (100, 87, 'Baltazar Silva Costa', 49, 'EX-MARIDO', 'ANSIEDADE', false, true, false, false),
    (101, 87, 'Casimiro Martins Rocha', 36, 'MARIDO', '', false, false, true, true),
    (102, 87, 'Deolindo Costa Silva', 43, 'COMPANHEIRO', 'TRANSTORNO MENTAL', true, false, true, false),
    (103, 88, 'Eladio Barbosa Martins', 51, 'EX-MARIDO', '', true, true, true, true),
    (104, 88, 'Fabio Silva Alves', 38, 'MARIDO', 'DEPRESSAO', false, false, false, false),
    (105, 88, 'Gildardo Ferreira Costa', 46, 'COMPANHEIRO', '', false, false, true, true),
    (106, 89, 'Hilario Gomes Silva', 44, 'EX-MARIDO', 'BIPOLARIDADE', true, false, true, false),
    (107, 89, 'Ignacio Costa Martins', 39, 'MARIDO', '', false, true, true, true),
    (108, 89, 'Jarbas Silva Rocha', 47, 'COMPANHEIRO', 'ALCOOLISMO', false, false, false, false),
    (109, 90, 'Kleberson Barbosa Alves', 41, 'EX-MARIDO', '', true, false, true, true),
    (110, 90, 'Lamartine Ferreira Costa', 48, 'MARIDO', 'TRANSTORNO DE PERSONALIDADE', false, true, true, false),
    (111, 90, 'Magnolia Silva Gomes', 35, 'COMPANHEIRO', '', false, false, false, false),
    (112, 81, 'Nelson Costa Silva', 46, 'EX-MARIDO', 'DEPRESSAO', true, false, true, true),
    (113, 85, 'Osmar Barbosa Ferreira', 41, 'MARIDO', '', false, false, true, false);

-- =====================================================
-- RESUMO DO SCRIPT DE POPULAÇÃO
-- =====================================================
-- Total de Assistidas: 90 (10 com múltiplos casos)
-- Total de Filhos: 90
-- Total de Casos: 113 (80 primários + 33 adicionais de múltiplos casos)
-- Total de Agressores: 111
-- Total de Registros de Violência: 30
-- Total de Anexos: 32
-- Total de Faixa Etária Filhos: ~130
-- Total de Conflitos com Filhos: 80
-- Total de Tipos de Violência: ~90
-- Total de Ameaças do Agressor: ~65
-- Total de Substâncias: ~50
-- Total de Agressões Físicas: 30
-- =====================================================

-- Confirmação de execução
SELECT COUNT(*) as TOTAL_ASSISTIDAS FROM ASSISTIDA;
SELECT COUNT(*) as TOTAL_CASOS FROM CASO;
SELECT COUNT(*) as TOTAL_VIOLENCIAS FROM VIOLENCIA;
SELECT COUNT(*) as TOTAL_FILHOS FROM FILHO;
SELECT COUNT(*) as TOTAL_CONFLITOS FROM CONFLITO_FILHO;
SELECT COUNT(*) as TOTAL_FAIXAS FROM FAIXA_FILHO;
SELECT COUNT(*) as TOTAL_AGRESSOES FROM AGRESSAO_VIOLENCIA;
SELECT COUNT(*) as TOTAL_ANEXOS FROM ANEXO;
SELECT COUNT(*) as TOTAL_AGRESSORES FROM AGRESSOR;
SELECT COUNT(*) as TOTAL_AMEACAS_AGRESSOR FROM AMEACA_AGRESSOR;
SELECT COUNT(*) as TOTAL_SUBSTANCIAS FROM SUBSTANCIAS_AGRESSOR;

-- =====================================================
-- FIM DO SCRIPT
-- =====================================================
